
PLAY [verify] ******************************************************************

TASK [Gathering Facts] *********************************************************
ok: [localhost]

TASK [/stigforge/roles/al2023_cis : StigForge apply al2023_cis profile cis-l1] ***
included: /stigforge/roles/al2023_cis/tasks/cis-l1.yml for localhost

TASK [/stigforge/roles/al2023_cis : Gather the package facts] ******************
ok: [localhost]

TASK [/stigforge/roles/al2023_cis : Ensure aide is installed] ******************
skipping: [localhost]

TASK [/stigforge/roles/al2023_cis : Build and Test AIDE Database - Ensure AIDE Is Installed] ***
skipping: [localhost] => (item=aide) 
skipping: [localhost]

TASK [/stigforge/roles/al2023_cis : Configure AIDE to Verify the Audit Tools - Ensure AIDE is Installed] ***
skipping: [localhost] => (item=aide) 
skipping: [localhost]

TASK [/stigforge/roles/al2023_cis : Configure Periodic Execution of AIDE - Ensure AIDE is installed] ***
skipping: [localhost]

TASK [/stigforge/roles/al2023_cis : Configure Periodic Execution of AIDE - Install cron] ***
skipping: [localhost]

TASK [/stigforge/roles/al2023_cis : Ensure sudo is installed] ******************
skipping: [localhost]

TASK [/stigforge/roles/al2023_cis : Ensure rsyslog is installed] ***************
skipping: [localhost]

TASK [/stigforge/roles/al2023_cis : Ensure libselinux is installed] ************
skipping: [localhost]

TASK [/stigforge/roles/al2023_cis : Uninstall mcstrans Package: Ensure mcstrans is removed] ***
skipping: [localhost]

TASK [/stigforge/roles/al2023_cis : Uninstall setroubleshoot Package: Ensure setroubleshoot is removed] ***
skipping: [localhost]

TASK [/stigforge/roles/al2023_cis : Uninstall avahi Server Package: Ensure avahi is removed] ***
ok: [localhost]

TASK [/stigforge/roles/al2023_cis : Uninstall DHCP Server Package: Ensure dhcp is removed] ***
ok: [localhost]

TASK [/stigforge/roles/al2023_cis : Uninstall dnsmasq Package: Ensure dnsmasq is removed] ***
ok: [localhost]

TASK [/stigforge/roles/al2023_cis : Uninstall bind Package: Ensure bind is removed] ***
ok: [localhost]

TASK [/stigforge/roles/al2023_cis : Remove ftp Package: Ensure ftp is removed] ***
ok: [localhost]

TASK [/stigforge/roles/al2023_cis : Uninstall vsftpd Package: Ensure vsftpd is removed] ***
ok: [localhost]

TASK [/stigforge/roles/al2023_cis : Uninstall httpd Package: Ensure httpd is removed] ***
ok: [localhost]

TASK [/stigforge/roles/al2023_cis : Uninstall nginx Package: Ensure nginx is removed] ***
ok: [localhost]

TASK [/stigforge/roles/al2023_cis : Uninstall cyrus-imapd Package: Ensure cyrus-imapd is removed] ***
ok: [localhost]

TASK [/stigforge/roles/al2023_cis : Uninstall dovecot Package: Ensure dovecot is removed] ***
ok: [localhost]

TASK [/stigforge/roles/al2023_cis : Ensure LDAP client is not installed: Ensure openldap-clients is removed] ***
ok: [localhost]

TASK [/stigforge/roles/al2023_cis : Uninstall rsync Package: Ensure rsync is removed] ***
ok: [localhost]

TASK [/stigforge/roles/al2023_cis : Uninstall telnet-server Package: Ensure telnet-server is removed] ***
ok: [localhost]

TASK [/stigforge/roles/al2023_cis : Remove telnet Clients: Ensure telnet is removed] ***
ok: [localhost]

TASK [/stigforge/roles/al2023_cis : Uninstall tftp-server Package: Ensure tftp-server is removed] ***
ok: [localhost]

TASK [/stigforge/roles/al2023_cis : Uninstall CUPS Package: Ensure cups is removed] ***
ok: [localhost]

TASK [/stigforge/roles/al2023_cis : Uninstall squid Package: Ensure squid is removed] ***
ok: [localhost]

TASK [/stigforge/roles/al2023_cis : Uninstall Samba Package: Ensure samba is removed] ***
ok: [localhost]

TASK [/stigforge/roles/al2023_cis : Uninstall net-snmp Package: Ensure net-snmp is removed] ***
ok: [localhost]

TASK [/stigforge/roles/al2023_cis : Gather the package facts] ******************
ok: [localhost]

TASK [/stigforge/roles/al2023_cis : Enable systemd-journald Service - Enable Service systemd-journald] ***
skipping: [localhost]

TASK [/stigforge/roles/al2023_cis : Enable cron Service - Enable Service crond] ***
skipping: [localhost]

TASK [/stigforge/roles/al2023_cis : Disable rpcbind Service - Collect systemd Services Present in the System] ***
skipping: [localhost]

TASK [/stigforge/roles/al2023_cis : Disable rpcbind Service - Ensure rpcbind.service is Masked] ***
skipping: [localhost]

TASK [/stigforge/roles/al2023_cis : Unit Socket Exists - rpcbind.socket] *******
skipping: [localhost]

TASK [/stigforge/roles/al2023_cis : Disable rpcbind Service - Disable Socket rpcbind] ***
skipping: [localhost]

TASK [/stigforge/roles/al2023_cis : Disable Network File System (nfs) - Collect systemd Services Present in the System] ***
skipping: [localhost]

TASK [/stigforge/roles/al2023_cis : Disable Network File System (nfs) - Ensure nfs-server.service is Masked] ***
skipping: [localhost]

TASK [/stigforge/roles/al2023_cis : Unit Socket Exists - nfs-server.socket] ****
skipping: [localhost]

TASK [/stigforge/roles/al2023_cis : Disable Network File System (nfs) - Disable Socket nfs-server] ***
skipping: [localhost]

TASK [/stigforge/roles/al2023_cis : Disable snmpd Service - Collect systemd Services Present in the System] ***
skipping: [localhost]

TASK [/stigforge/roles/al2023_cis : Disable snmpd Service - Ensure snmpd.service is Masked] ***
skipping: [localhost]

TASK [/stigforge/roles/al2023_cis : Unit Socket Exists - snmpd.socket] *********
skipping: [localhost]

TASK [/stigforge/roles/al2023_cis : Disable snmpd Service - Disable Socket snmpd] ***
skipping: [localhost]

TASK [/stigforge/roles/al2023_cis : Gather the service facts] ******************
skipping: [localhost]

TASK [/stigforge/roles/al2023_cis : Build and Test AIDE Database - Check Whether the Stock AIDE Database Exists] ***
skipping: [localhost]

TASK [/stigforge/roles/al2023_cis : Build and Test AIDE Database - Build and Test AIDE Database] ***
skipping: [localhost]

TASK [/stigforge/roles/al2023_cis : Build and Test AIDE Database - Stage AIDE Database] ***
skipping: [localhost]

TASK [/stigforge/roles/al2023_cis : Set "Configure AIDE to Verify the Audit Tools - audit_tools fact"] ***
skipping: [localhost]

TASK [/stigforge/roles/al2023_cis : Configure AIDE to Verify the Audit Tools - Ensure Existing AIDE Configuration for Audit Tools are Correct] ***
skipping: [localhost]

TASK [/stigforge/roles/al2023_cis : Configure AIDE to Verify the Audit Tools - Configure AIDE to Properly Protect Audit Tools] ***
skipping: [localhost]

TASK [/stigforge/roles/al2023_cis : Configure Periodic Execution of AIDE - Setup Cron Tab] ***
skipping: [localhost]

TASK [/stigforge/roles/al2023_cis : Configure System Cryptography Policy - Check current crypto policy (runtime)] ***
ok: [localhost]

TASK [/stigforge/roles/al2023_cis : Configure System Cryptography Policy - Get mtime of /etc/crypto-policies/config] ***
ok: [localhost]

TASK [/stigforge/roles/al2023_cis : Configure System Cryptography Policy - Get mtime of /etc/crypto-policies/state/current] ***
ok: [localhost]

TASK [/stigforge/roles/al2023_cis : Configure System Cryptography Policy - Check existence of /etc/crypto-policies/back-ends/nss.config] ***
ok: [localhost]

TASK [/stigforge/roles/al2023_cis : Configure System Cryptography Policy - Verify that Crypto Policy is Set (runtime)] ***
fatal: [localhost]: FAILED! => {"changed": false, "cmd": "/usr/bin/update-crypto-policies --set DEFAULT", "msg": "[Errno 2] No such file or directory: b'/usr/bin/update-crypto-policies'", "rc": 2, "stderr": "", "stderr_lines": [], "stdout": "", "stdout_lines": []}

TASK [/stigforge/roles/al2023_cis : StigForge: continue after error in 'Configure System Cryptography Policy - Verify that Crypto Policy is Set (runtime)' (OpenSCAP is the score gate)] ***
ok: [localhost] => {
    "msg": "StigForge: 'Configure System Cryptography Policy - Verify that Crypto Policy is Set (runtime)' raised an error (module or templating) and was skipped; continuing so later rules still run. OpenSCAP evaluates the resulting system state independently."
}

TASK [/stigforge/roles/al2023_cis : Configure SSH to use System Crypto Policy] ***
skipping: [localhost]

TASK [/stigforge/roles/al2023_cis : Ensure use_pty is enabled in /etc/sudoers] ***
skipping: [localhost]

TASK [/stigforge/roles/al2023_cis : Ensure logfile is enabled with the appropriate value in /etc/sudoers] ***
skipping: [localhost]

TASK [/stigforge/roles/al2023_cis : Enable logfile option with appropriate value in /etc/sudoers] ***
skipping: [localhost]

TASK [/stigforge/roles/al2023_cis : Ensure GPG check is globally activated] ****
changed: [localhost]

TASK [/stigforge/roles/al2023_cis : Modify the System Login Banner - Ensure Correct Banner] ***
skipping: [localhost]

TASK [/stigforge/roles/al2023_cis : Modify the System Login Banner for Remote Connections - ensure correct banner] ***
skipping: [localhost]

TASK [/stigforge/roles/al2023_cis : Modify the System Message of the Day Banner - ensure correct banner] ***
skipping: [localhost]

TASK [/stigforge/roles/al2023_cis : Set the file_groupowner_etc_issue_newgroup variable if represented by gid] ***
ok: [localhost]

TASK [/stigforge/roles/al2023_cis : Test for existence /etc/issue] *************
ok: [localhost]

TASK [/stigforge/roles/al2023_cis : Ensure group owner on /etc/issue] **********
ok: [localhost]

TASK [/stigforge/roles/al2023_cis : Set the file_groupowner_etc_issue_net_newgroup variable if represented by gid] ***
ok: [localhost]

TASK [/stigforge/roles/al2023_cis : Test for existence /etc/issue.net] *********
ok: [localhost]

TASK [/stigforge/roles/al2023_cis : Ensure group owner on /etc/issue.net] ******
ok: [localhost]

TASK [/stigforge/roles/al2023_cis : Set the file_groupowner_etc_motd_newgroup variable if represented by gid] ***
ok: [localhost]

TASK [/stigforge/roles/al2023_cis : Test for existence /etc/motd] **************
ok: [localhost]

TASK [/stigforge/roles/al2023_cis : Ensure group owner on /etc/motd] ***********
ok: [localhost]

TASK [/stigforge/roles/al2023_cis : Set the file_owner_etc_issue_newown variable if represented by uid] ***
ok: [localhost]

TASK [/stigforge/roles/al2023_cis : Test for existence /etc/issue] *************
ok: [localhost]

TASK [/stigforge/roles/al2023_cis : Ensure owner on /etc/issue] ****************
ok: [localhost]

TASK [/stigforge/roles/al2023_cis : Set the file_owner_etc_issue_net_newown variable if represented by uid] ***
ok: [localhost]

TASK [/stigforge/roles/al2023_cis : Test for existence /etc/issue.net] *********
ok: [localhost]

TASK [/stigforge/roles/al2023_cis : Ensure owner on /etc/issue.net] ************
ok: [localhost]

TASK [/stigforge/roles/al2023_cis : Set the file_owner_etc_motd_newown variable if represented by uid] ***
ok: [localhost]

TASK [/stigforge/roles/al2023_cis : Test for existence /etc/motd] **************
ok: [localhost]

TASK [/stigforge/roles/al2023_cis : Ensure owner on /etc/motd] *****************
ok: [localhost]

TASK [/stigforge/roles/al2023_cis : Test for existence /etc/issue] *************
ok: [localhost]

TASK [/stigforge/roles/al2023_cis : Ensure permission u-xs,g-xws,o-xwt on /etc/issue] ***
ok: [localhost]

TASK [/stigforge/roles/al2023_cis : Test for existence /etc/issue.net] *********
ok: [localhost]

TASK [/stigforge/roles/al2023_cis : Ensure permission u-xs,g-xws,o-xwt on /etc/issue.net] ***
ok: [localhost]

TASK [/stigforge/roles/al2023_cis : Test for existence /etc/motd] **************
ok: [localhost]

TASK [/stigforge/roles/al2023_cis : Ensure permission u-xs,g-xws,o-xwt on /etc/motd] ***
ok: [localhost]

TASK [/stigforge/roles/al2023_cis : Configure the Use of the pam_faillock.so Module in the /etc/pam.d/password-auth File. - Get current authselect profile] ***
skipping: [localhost]

TASK [/stigforge/roles/al2023_cis : Configure the Use of the pam_faillock.so Module in the /etc/pam.d/password-auth File. - Force reselect authselect profile] ***
skipping: [localhost]

TASK [/stigforge/roles/al2023_cis : Configure the Use of the pam_faillock.so Module in the /etc/pam.d/password-auth File. - Check if system relies on authselect tool] ***
skipping: [localhost]

TASK [/stigforge/roles/al2023_cis : Configure the Use of the pam_faillock.so Module in the /etc/pam.d/password-auth File. - Check integrity of authselect current profile] ***
skipping: [localhost]

TASK [/stigforge/roles/al2023_cis : Configure the Use of the pam_faillock.so Module in the /etc/pam.d/password-auth File. - Informative message based on the authselect integrity check result] ***
skipping: [localhost]

TASK [/stigforge/roles/al2023_cis : Configure the Use of the pam_faillock.so Module in the /etc/pam.d/password-auth File. - Get authselect current features] ***
skipping: [localhost]

TASK [/stigforge/roles/al2023_cis : Configure the Use of the pam_faillock.so Module in the /etc/pam.d/password-auth File. - Ensure "with-faillock" feature is enabled using authselect tool] ***
skipping: [localhost]

TASK [/stigforge/roles/al2023_cis : Configure the Use of the pam_faillock.so Module in the /etc/pam.d/password-auth File. - Ensure authselect changes are applied] ***
skipping: [localhost]

TASK [/stigforge/roles/al2023_cis : Configure the Use of the pam_faillock.so Module in the /etc/pam.d/password-auth File. - Check if pam_faillock.so is already enabled] ***
skipping: [localhost]

TASK [/stigforge/roles/al2023_cis : Configure the Use of the pam_faillock.so Module in the /etc/pam.d/password-auth File. - Enable pam_faillock.so preauth editing PAM files] ***
skipping: [localhost] => (item=/etc/pam.d/system-auth) 
skipping: [localhost] => (item=/etc/pam.d/password-auth) 
skipping: [localhost]

TASK [/stigforge/roles/al2023_cis : Configure the Use of the pam_faillock.so Module in the /etc/pam.d/password-auth File. - Enable pam_faillock.so authfail editing PAM files] ***
skipping: [localhost] => (item=/etc/pam.d/system-auth) 
skipping: [localhost] => (item=/etc/pam.d/password-auth) 
skipping: [localhost]

TASK [/stigforge/roles/al2023_cis : Configure the Use of the pam_faillock.so Module in the /etc/pam.d/password-auth File. - Enable pam_faillock.so account section editing PAM files] ***
skipping: [localhost] => (item=/etc/pam.d/system-auth) 
skipping: [localhost] => (item=/etc/pam.d/password-auth) 
skipping: [localhost]

TASK [/stigforge/roles/al2023_cis : Configure the Use of the pam_faillock.so Module in the /etc/pam.d/system-auth File. - Check if system relies on authselect tool] ***
skipping: [localhost]

TASK [/stigforge/roles/al2023_cis : Configure the Use of the pam_faillock.so Module in the /etc/pam.d/system-auth File. - Check integrity of authselect current profile] ***
skipping: [localhost]

TASK [/stigforge/roles/al2023_cis : Configure the Use of the pam_faillock.so Module in the /etc/pam.d/system-auth File. - Informative message based on the authselect integrity check result] ***
skipping: [localhost]

TASK [/stigforge/roles/al2023_cis : Configure the Use of the pam_faillock.so Module in the /etc/pam.d/system-auth File. - Get authselect current features] ***
skipping: [localhost]

TASK [/stigforge/roles/al2023_cis : Configure the Use of the pam_faillock.so Module in the /etc/pam.d/system-auth File. - Ensure "with-faillock" feature is enabled using authselect tool] ***
skipping: [localhost]

TASK [/stigforge/roles/al2023_cis : Configure the Use of the pam_faillock.so Module in the /etc/pam.d/system-auth File. - Ensure authselect changes are applied] ***
skipping: [localhost]

TASK [/stigforge/roles/al2023_cis : Configure the Use of the pam_faillock.so Module in the /etc/pam.d/system-auth File. - Check if pam_faillock.so is already enabled] ***
skipping: [localhost]

TASK [/stigforge/roles/al2023_cis : Configure the Use of the pam_faillock.so Module in the /etc/pam.d/system-auth File. - Enable pam_faillock.so preauth editing PAM files] ***
skipping: [localhost] => (item=/etc/pam.d/system-auth) 
skipping: [localhost] => (item=/etc/pam.d/password-auth) 
skipping: [localhost]

TASK [/stigforge/roles/al2023_cis : Configure the Use of the pam_faillock.so Module in the /etc/pam.d/system-auth File. - Enable pam_faillock.so authfail editing PAM files] ***
skipping: [localhost] => (item=/etc/pam.d/system-auth) 
skipping: [localhost] => (item=/etc/pam.d/password-auth) 
skipping: [localhost]

TASK [/stigforge/roles/al2023_cis : Configure the Use of the pam_faillock.so Module in the /etc/pam.d/system-auth File. - Enable pam_faillock.so account section editing PAM files] ***
skipping: [localhost] => (item=/etc/pam.d/system-auth) 
skipping: [localhost] => (item=/etc/pam.d/password-auth) 
skipping: [localhost]

TASK [/stigforge/roles/al2023_cis : Limit Password Reuse: password-auth - Check if system relies on authselect tool] ***
skipping: [localhost]

TASK [/stigforge/roles/al2023_cis : Limit Password Reuse: password-auth - Collect the available authselect features] ***
skipping: [localhost]

TASK [/stigforge/roles/al2023_cis : Limit Password Reuse: password-auth - Check integrity of authselect current profile] ***
skipping: [localhost]

TASK [/stigforge/roles/al2023_cis : Limit Password Reuse: password-auth - Informative message based on the authselect integrity check result] ***
skipping: [localhost]

TASK [/stigforge/roles/al2023_cis : Limit Password Reuse: password-auth - Get authselect current features] ***
skipping: [localhost]

TASK [/stigforge/roles/al2023_cis : Limit Password Reuse: password-auth - Ensure "with-pwhistory" feature is enabled using authselect tool] ***
skipping: [localhost]

TASK [/stigforge/roles/al2023_cis : Limit Password Reuse: password-auth - Ensure authselect changes are applied] ***
skipping: [localhost]

TASK [/stigforge/roles/al2023_cis : Limit Password Reuse: password-auth - Define the PAM file to be edited as a local fact] ***
skipping: [localhost]

TASK [/stigforge/roles/al2023_cis : Limit Password Reuse: password-auth - Check if system relies on authselect tool] ***
skipping: [localhost]

TASK [/stigforge/roles/al2023_cis : Limit Password Reuse: password-auth - Check integrity of authselect current profile] ***
skipping: [localhost]

TASK [/stigforge/roles/al2023_cis : Limit Password Reuse: password-auth - Informative message based on the authselect integrity check result] ***
skipping: [localhost]

TASK [/stigforge/roles/al2023_cis : Limit Password Reuse: password-auth - Get authselect current profile] ***
skipping: [localhost]

TASK [/stigforge/roles/al2023_cis : Limit Password Reuse: password-auth - Define the current authselect profile as a local fact] ***
skipping: [localhost]

TASK [/stigforge/roles/al2023_cis : Limit Password Reuse: password-auth - Define the new authselect custom profile as a local fact] ***
skipping: [localhost]

TASK [/stigforge/roles/al2023_cis : Limit Password Reuse: password-auth - Get authselect current features to also enable them in the custom profile] ***
skipping: [localhost]

TASK [/stigforge/roles/al2023_cis : Limit Password Reuse: password-auth - Check if any custom profile with the same name was already created] ***
skipping: [localhost]

TASK [/stigforge/roles/al2023_cis : Limit Password Reuse: password-auth - Create an authselect custom profile based on the current profile] ***
skipping: [localhost]

TASK [/stigforge/roles/al2023_cis : Limit Password Reuse: password-auth - Create an authselect custom profile based on sssd profile] ***
skipping: [localhost]

TASK [/stigforge/roles/al2023_cis : Limit Password Reuse: password-auth - Ensure authselect changes are applied] ***
skipping: [localhost]

TASK [/stigforge/roles/al2023_cis : Limit Password Reuse: password-auth - Ensure the authselect custom profile is selected] ***
skipping: [localhost]

TASK [/stigforge/roles/al2023_cis : Limit Password Reuse: password-auth - Restore the authselect features in the custom profile] ***
skipping: [localhost]

TASK [/stigforge/roles/al2023_cis : Limit Password Reuse: password-auth - Ensure authselect changes are applied] ***
skipping: [localhost]

TASK [/stigforge/roles/al2023_cis : Limit Password Reuse: password-auth - Change the PAM file to be edited according to the custom authselect profile] ***
skipping: [localhost]

TASK [/stigforge/roles/al2023_cis : Limit Password Reuse: password-auth - Define a fact for control already filtered in case filters are used] ***
skipping: [localhost]

TASK [/stigforge/roles/al2023_cis : Limit Password Reuse: password-auth - Check if expected PAM module line is present in {{ pam_file_path }}] ***
skipping: [localhost]

TASK [/stigforge/roles/al2023_cis : Limit Password Reuse: password-auth - Check if required PAM module line is present in {{ pam_file_path }} with different control] ***
skipping: [localhost]

TASK [/stigforge/roles/al2023_cis : Limit Password Reuse: password-auth - Ensure the correct control for the required PAM module line in {{ pam_file_path }}] ***
skipping: [localhost]

TASK [/stigforge/roles/al2023_cis : Limit Password Reuse: password-auth - Ensure the required PAM module line is included in {{ pam_file_path }}] ***
skipping: [localhost]

TASK [/stigforge/roles/al2023_cis : Limit Password Reuse: password-auth - Ensure authselect changes are applied] ***
skipping: [localhost]

TASK [/stigforge/roles/al2023_cis : Limit Password Reuse: password-auth - Check the presence of /etc/security/pwhistory.conf file] ***
skipping: [localhost]

TASK [/stigforge/roles/al2023_cis : Limit Password Reuse: password-auth - Ensure the pam_pwhistory.so remember parameter in /etc/security/pwhistory.conf] ***
skipping: [localhost]

TASK [/stigforge/roles/al2023_cis : Limit Password Reuse: password-auth - Check if /etc/pam.d/password-auth file is present] ***
skipping: [localhost]

TASK [/stigforge/roles/al2023_cis : Limit Password Reuse: password-auth - Define the PAM file to be edited as a local fact] ***
skipping: [localhost]

TASK [/stigforge/roles/al2023_cis : Limit Password Reuse: password-auth - Check if system relies on authselect tool] ***
skipping: [localhost]

TASK [/stigforge/roles/al2023_cis : Limit Password Reuse: password-auth - Check integrity of authselect current profile] ***
skipping: [localhost]

TASK [/stigforge/roles/al2023_cis : Limit Password Reuse: password-auth - Informative message based on the authselect integrity check result] ***
skipping: [localhost]

TASK [/stigforge/roles/al2023_cis : Limit Password Reuse: password-auth - Get authselect current profile] ***
skipping: [localhost]

TASK [/stigforge/roles/al2023_cis : Limit Password Reuse: password-auth - Define the current authselect profile as a local fact] ***
skipping: [localhost]

TASK [/stigforge/roles/al2023_cis : Limit Password Reuse: password-auth - Define the new authselect custom profile as a local fact] ***
skipping: [localhost]

TASK [/stigforge/roles/al2023_cis : Limit Password Reuse: password-auth - Get authselect current features to also enable them in the custom profile] ***
skipping: [localhost]

TASK [/stigforge/roles/al2023_cis : Limit Password Reuse: password-auth - Check if any custom profile with the same name was already created] ***
skipping: [localhost]

TASK [/stigforge/roles/al2023_cis : Limit Password Reuse: password-auth - Create an authselect custom profile based on the current profile] ***
skipping: [localhost]

TASK [/stigforge/roles/al2023_cis : Limit Password Reuse: password-auth - Create an authselect custom profile based on sssd profile] ***
skipping: [localhost]

TASK [/stigforge/roles/al2023_cis : Limit Password Reuse: password-auth - Ensure authselect changes are applied] ***
skipping: [localhost]

TASK [/stigforge/roles/al2023_cis : Limit Password Reuse: password-auth - Ensure the authselect custom profile is selected] ***
skipping: [localhost]

TASK [/stigforge/roles/al2023_cis : Limit Password Reuse: password-auth - Restore the authselect features in the custom profile] ***
skipping: [localhost]

TASK [/stigforge/roles/al2023_cis : Limit Password Reuse: password-auth - Ensure authselect changes are applied] ***
skipping: [localhost]

TASK [/stigforge/roles/al2023_cis : Limit Password Reuse: password-auth - Change the PAM file to be edited according to the custom authselect profile] ***
skipping: [localhost]

TASK [/stigforge/roles/al2023_cis : Limit Password Reuse: password-auth - Define a fact for control already filtered in case filters are used] ***
skipping: [localhost]

TASK [/stigforge/roles/al2023_cis : Limit Password Reuse: password-auth - Check if {{ pam_file_path }} file is present] ***
skipping: [localhost]

TASK [/stigforge/roles/al2023_cis : Limit Password Reuse: password-auth - Ensure the "remember" option from "pam_pwhistory.so" is not present in {{ pam_file_path }}] ***
skipping: [localhost]

TASK [/stigforge/roles/al2023_cis : Limit Password Reuse: password-auth - Ensure authselect changes are applied] ***
skipping: [localhost]

TASK [/stigforge/roles/al2023_cis : Limit Password Reuse: password-auth - Define the PAM file to be edited as a local fact] ***
skipping: [localhost]

TASK [/stigforge/roles/al2023_cis : Limit Password Reuse: password-auth - Check if system relies on authselect tool] ***
skipping: [localhost]

TASK [/stigforge/roles/al2023_cis : Limit Password Reuse: password-auth - Check integrity of authselect current profile] ***
skipping: [localhost]

TASK [/stigforge/roles/al2023_cis : Limit Password Reuse: password-auth - Informative message based on the authselect integrity check result] ***
skipping: [localhost]

TASK [/stigforge/roles/al2023_cis : Limit Password Reuse: password-auth - Get authselect current profile] ***
skipping: [localhost]

TASK [/stigforge/roles/al2023_cis : Limit Password Reuse: password-auth - Define the current authselect profile as a local fact] ***
skipping: [localhost]

TASK [/stigforge/roles/al2023_cis : Limit Password Reuse: password-auth - Define the new authselect custom profile as a local fact] ***
skipping: [localhost]

TASK [/stigforge/roles/al2023_cis : Limit Password Reuse: password-auth - Get authselect current features to also enable them in the custom profile] ***
skipping: [localhost]

TASK [/stigforge/roles/al2023_cis : Limit Password Reuse: password-auth - Check if any custom profile with the same name was already created] ***
skipping: [localhost]

TASK [/stigforge/roles/al2023_cis : Limit Password Reuse: password-auth - Create an authselect custom profile based on the current profile] ***
skipping: [localhost]

TASK [/stigforge/roles/al2023_cis : Limit Password Reuse: password-auth - Create an authselect custom profile based on sssd profile] ***
skipping: [localhost]

TASK [/stigforge/roles/al2023_cis : Limit Password Reuse: password-auth - Ensure authselect changes are applied] ***
skipping: [localhost]

TASK [/stigforge/roles/al2023_cis : Limit Password Reuse: password-auth - Ensure the authselect custom profile is selected] ***
skipping: [localhost]

TASK [/stigforge/roles/al2023_cis : Limit Password Reuse: password-auth - Restore the authselect features in the custom profile] ***
skipping: [localhost]

TASK [/stigforge/roles/al2023_cis : Limit Password Reuse: password-auth - Ensure authselect changes are applied] ***
skipping: [localhost]

TASK [/stigforge/roles/al2023_cis : Limit Password Reuse: password-auth - Change the PAM file to be edited according to the custom authselect profile] ***
skipping: [localhost]

TASK [/stigforge/roles/al2023_cis : Limit Password Reuse: password-auth - Define a fact for control already filtered in case filters are used] ***
skipping: [localhost]

TASK [/stigforge/roles/al2023_cis : Limit Password Reuse: password-auth - Check if expected PAM module line is present in {{ pam_file_path }}] ***
skipping: [localhost]

TASK [/stigforge/roles/al2023_cis : Limit Password Reuse: password-auth - Check if required PAM module line is present in {{ pam_file_path }} with different control] ***
skipping: [localhost]

TASK [/stigforge/roles/al2023_cis : Limit Password Reuse: password-auth - Ensure the correct control for the required PAM module line in {{ pam_file_path }}] ***
skipping: [localhost]

TASK [/stigforge/roles/al2023_cis : Limit Password Reuse: password-auth - Ensure the required PAM module line is included in {{ pam_file_path }}] ***
skipping: [localhost]

TASK [/stigforge/roles/al2023_cis : Limit Password Reuse: password-auth - Ensure authselect changes are applied] ***
skipping: [localhost]

TASK [/stigforge/roles/al2023_cis : Limit Password Reuse: password-auth - Define a fact for control already filtered in case filters are used] ***
skipping: [localhost]

TASK [/stigforge/roles/al2023_cis : Limit Password Reuse: password-auth - Check if the required PAM module option is present in {{ pam_file_path }}] ***
skipping: [localhost]

TASK [/stigforge/roles/al2023_cis : Limit Password Reuse: password-auth - Ensure the "remember" PAM option for "pam_pwhistory.so" is included in {{ pam_file_path }}] ***
skipping: [localhost]

TASK [/stigforge/roles/al2023_cis : Limit Password Reuse: password-auth - Ensure the required value for "remember" PAM option from "pam_pwhistory.so" in {{ pam_file_path }}] ***
skipping: [localhost]

TASK [/stigforge/roles/al2023_cis : Limit Password Reuse: password-auth - Ensure authselect changes are applied] ***
skipping: [localhost]

TASK [/stigforge/roles/al2023_cis : Limit Password Reuse: system-auth - Check if system relies on authselect tool] ***
skipping: [localhost]

TASK [/stigforge/roles/al2023_cis : Limit Password Reuse: system-auth - Collect the available authselect features] ***
skipping: [localhost]

TASK [/stigforge/roles/al2023_cis : Limit Password Reuse: system-auth - Check integrity of authselect current profile] ***
skipping: [localhost]

TASK [/stigforge/roles/al2023_cis : Limit Password Reuse: system-auth - Informative message based on the authselect integrity check result] ***
skipping: [localhost]

TASK [/stigforge/roles/al2023_cis : Limit Password Reuse: system-auth - Get authselect current features] ***
skipping: [localhost]

TASK [/stigforge/roles/al2023_cis : Limit Password Reuse: system-auth - Ensure "with-pwhistory" feature is enabled using authselect tool] ***
skipping: [localhost]

TASK [/stigforge/roles/al2023_cis : Limit Password Reuse: system-auth - Ensure authselect changes are applied] ***
skipping: [localhost]

TASK [/stigforge/roles/al2023_cis : Limit Password Reuse: system-auth - Define the PAM file to be edited as a local fact] ***
skipping: [localhost]

TASK [/stigforge/roles/al2023_cis : Limit Password Reuse: system-auth - Check if system relies on authselect tool] ***
skipping: [localhost]

TASK [/stigforge/roles/al2023_cis : Limit Password Reuse: system-auth - Check integrity of authselect current profile] ***
skipping: [localhost]

TASK [/stigforge/roles/al2023_cis : Limit Password Reuse: system-auth - Informative message based on the authselect integrity check result] ***
skipping: [localhost]

TASK [/stigforge/roles/al2023_cis : Limit Password Reuse: system-auth - Get authselect current profile] ***
skipping: [localhost]

TASK [/stigforge/roles/al2023_cis : Limit Password Reuse: system-auth - Define the current authselect profile as a local fact] ***
skipping: [localhost]

TASK [/stigforge/roles/al2023_cis : Limit Password Reuse: system-auth - Define the new authselect custom profile as a local fact] ***
skipping: [localhost]

TASK [/stigforge/roles/al2023_cis : Limit Password Reuse: system-auth - Get authselect current features to also enable them in the custom profile] ***
skipping: [localhost]

TASK [/stigforge/roles/al2023_cis : Limit Password Reuse: system-auth - Check if any custom profile with the same name was already created] ***
skipping: [localhost]

TASK [/stigforge/roles/al2023_cis : Limit Password Reuse: system-auth - Create an authselect custom profile based on the current profile] ***
skipping: [localhost]

TASK [/stigforge/roles/al2023_cis : Limit Password Reuse: system-auth - Create an authselect custom profile based on sssd profile] ***
skipping: [localhost]

TASK [/stigforge/roles/al2023_cis : Limit Password Reuse: system-auth - Ensure authselect changes are applied] ***
skipping: [localhost]

TASK [/stigforge/roles/al2023_cis : Limit Password Reuse: system-auth - Ensure the authselect custom profile is selected] ***
skipping: [localhost]

TASK [/stigforge/roles/al2023_cis : Limit Password Reuse: system-auth - Restore the authselect features in the custom profile] ***
skipping: [localhost]

TASK [/stigforge/roles/al2023_cis : Limit Password Reuse: system-auth - Ensure authselect changes are applied] ***
skipping: [localhost]

TASK [/stigforge/roles/al2023_cis : Limit Password Reuse: system-auth - Change the PAM file to be edited according to the custom authselect profile] ***
skipping: [localhost]

TASK [/stigforge/roles/al2023_cis : Limit Password Reuse: system-auth - Define a fact for control already filtered in case filters are used] ***
skipping: [localhost]

TASK [/stigforge/roles/al2023_cis : Limit Password Reuse: system-auth - Check if expected PAM module line is present in {{ pam_file_path }}] ***
skipping: [localhost]

TASK [/stigforge/roles/al2023_cis : Limit Password Reuse: system-auth - Check if required PAM module line is present in {{ pam_file_path }} with different control] ***
skipping: [localhost]

TASK [/stigforge/roles/al2023_cis : Limit Password Reuse: system-auth - Ensure the correct control for the required PAM module line in {{ pam_file_path }}] ***
skipping: [localhost]

TASK [/stigforge/roles/al2023_cis : Limit Password Reuse: system-auth - Ensure the required PAM module line is included in {{ pam_file_path }}] ***
skipping: [localhost]

TASK [/stigforge/roles/al2023_cis : Limit Password Reuse: system-auth - Ensure authselect changes are applied] ***
skipping: [localhost]

TASK [/stigforge/roles/al2023_cis : Limit Password Reuse: system-auth - Check the presence of /etc/security/pwhistory.conf file] ***
skipping: [localhost]

TASK [/stigforge/roles/al2023_cis : Limit Password Reuse: system-auth - Ensure the pam_pwhistory.so remember parameter in /etc/security/pwhistory.conf] ***
skipping: [localhost]

TASK [/stigforge/roles/al2023_cis : Limit Password Reuse: system-auth - Check if /etc/pam.d/system-auth file is present] ***
skipping: [localhost]

TASK [/stigforge/roles/al2023_cis : Limit Password Reuse: system-auth - Define the PAM file to be edited as a local fact] ***
skipping: [localhost]

TASK [/stigforge/roles/al2023_cis : Limit Password Reuse: system-auth - Check if system relies on authselect tool] ***
skipping: [localhost]

TASK [/stigforge/roles/al2023_cis : Limit Password Reuse: system-auth - Check integrity of authselect current profile] ***
skipping: [localhost]

TASK [/stigforge/roles/al2023_cis : Limit Password Reuse: system-auth - Informative message based on the authselect integrity check result] ***
skipping: [localhost]

TASK [/stigforge/roles/al2023_cis : Limit Password Reuse: system-auth - Get authselect current profile] ***
skipping: [localhost]

TASK [/stigforge/roles/al2023_cis : Limit Password Reuse: system-auth - Define the current authselect profile as a local fact] ***
skipping: [localhost]

TASK [/stigforge/roles/al2023_cis : Limit Password Reuse: system-auth - Define the new authselect custom profile as a local fact] ***
skipping: [localhost]

TASK [/stigforge/roles/al2023_cis : Limit Password Reuse: system-auth - Get authselect current features to also enable them in the custom profile] ***
skipping: [localhost]

TASK [/stigforge/roles/al2023_cis : Limit Password Reuse: system-auth - Check if any custom profile with the same name was already created] ***
skipping: [localhost]

TASK [/stigforge/roles/al2023_cis : Limit Password Reuse: system-auth - Create an authselect custom profile based on the current profile] ***
skipping: [localhost]

TASK [/stigforge/roles/al2023_cis : Limit Password Reuse: system-auth - Create an authselect custom profile based on sssd profile] ***
skipping: [localhost]

TASK [/stigforge/roles/al2023_cis : Limit Password Reuse: system-auth - Ensure authselect changes are applied] ***
skipping: [localhost]

TASK [/stigforge/roles/al2023_cis : Limit Password Reuse: system-auth - Ensure the authselect custom profile is selected] ***
skipping: [localhost]

TASK [/stigforge/roles/al2023_cis : Limit Password Reuse: system-auth - Restore the authselect features in the custom profile] ***
skipping: [localhost]

TASK [/stigforge/roles/al2023_cis : Limit Password Reuse: system-auth - Ensure authselect changes are applied] ***
skipping: [localhost]

TASK [/stigforge/roles/al2023_cis : Limit Password Reuse: system-auth - Change the PAM file to be edited according to the custom authselect profile] ***
skipping: [localhost]

TASK [/stigforge/roles/al2023_cis : Limit Password Reuse: system-auth - Define a fact for control already filtered in case filters are used] ***
skipping: [localhost]

TASK [/stigforge/roles/al2023_cis : Limit Password Reuse: system-auth - Check if {{ pam_file_path }} file is present] ***
skipping: [localhost]

TASK [/stigforge/roles/al2023_cis : Limit Password Reuse: system-auth - Ensure the "remember" option from "pam_pwhistory.so" is not present in {{ pam_file_path }}] ***
skipping: [localhost]

TASK [/stigforge/roles/al2023_cis : Limit Password Reuse: system-auth - Ensure authselect changes are applied] ***
skipping: [localhost]

TASK [/stigforge/roles/al2023_cis : Limit Password Reuse: system-auth - Define the PAM file to be edited as a local fact] ***
skipping: [localhost]

TASK [/stigforge/roles/al2023_cis : Limit Password Reuse: system-auth - Check if system relies on authselect tool] ***
skipping: [localhost]

TASK [/stigforge/roles/al2023_cis : Limit Password Reuse: system-auth - Check integrity of authselect current profile] ***
skipping: [localhost]

TASK [/stigforge/roles/al2023_cis : Limit Password Reuse: system-auth - Informative message based on the authselect integrity check result] ***
skipping: [localhost]

TASK [/stigforge/roles/al2023_cis : Limit Password Reuse: system-auth - Get authselect current profile] ***
skipping: [localhost]

TASK [/stigforge/roles/al2023_cis : Limit Password Reuse: system-auth - Define the current authselect profile as a local fact] ***
skipping: [localhost]

TASK [/stigforge/roles/al2023_cis : Limit Password Reuse: system-auth - Define the new authselect custom profile as a local fact] ***
skipping: [localhost]

TASK [/stigforge/roles/al2023_cis : Limit Password Reuse: system-auth - Get authselect current features to also enable them in the custom profile] ***
skipping: [localhost]

TASK [/stigforge/roles/al2023_cis : Limit Password Reuse: system-auth - Check if any custom profile with the same name was already created] ***
skipping: [localhost]

TASK [/stigforge/roles/al2023_cis : Limit Password Reuse: system-auth - Create an authselect custom profile based on the current profile] ***
skipping: [localhost]

TASK [/stigforge/roles/al2023_cis : Limit Password Reuse: system-auth - Create an authselect custom profile based on sssd profile] ***
skipping: [localhost]

TASK [/stigforge/roles/al2023_cis : Limit Password Reuse: system-auth - Ensure authselect changes are applied] ***
skipping: [localhost]

TASK [/stigforge/roles/al2023_cis : Limit Password Reuse: system-auth - Ensure the authselect custom profile is selected] ***
skipping: [localhost]

TASK [/stigforge/roles/al2023_cis : Limit Password Reuse: system-auth - Restore the authselect features in the custom profile] ***
skipping: [localhost]

TASK [/stigforge/roles/al2023_cis : Limit Password Reuse: system-auth - Ensure authselect changes are applied] ***
skipping: [localhost]

TASK [/stigforge/roles/al2023_cis : Limit Password Reuse: system-auth - Change the PAM file to be edited according to the custom authselect profile] ***
skipping: [localhost]

TASK [/stigforge/roles/al2023_cis : Limit Password Reuse: system-auth - Define a fact for control already filtered in case filters are used] ***
skipping: [localhost]

TASK [/stigforge/roles/al2023_cis : Limit Password Reuse: system-auth - Check if expected PAM module line is present in {{ pam_file_path }}] ***
skipping: [localhost]

TASK [/stigforge/roles/al2023_cis : Limit Password Reuse: system-auth - Check if required PAM module line is present in {{ pam_file_path }} with different control] ***
skipping: [localhost]

TASK [/stigforge/roles/al2023_cis : Limit Password Reuse: system-auth - Ensure the correct control for the required PAM module line in {{ pam_file_path }}] ***
skipping: [localhost]

TASK [/stigforge/roles/al2023_cis : Limit Password Reuse: system-auth - Ensure the required PAM module line is included in {{ pam_file_path }}] ***
skipping: [localhost]

TASK [/stigforge/roles/al2023_cis : Limit Password Reuse: system-auth - Ensure authselect changes are applied] ***
skipping: [localhost]

TASK [/stigforge/roles/al2023_cis : Limit Password Reuse: system-auth - Define a fact for control already filtered in case filters are used] ***
skipping: [localhost]

TASK [/stigforge/roles/al2023_cis : Limit Password Reuse: system-auth - Check if the required PAM module option is present in {{ pam_file_path }}] ***
skipping: [localhost]

TASK [/stigforge/roles/al2023_cis : Limit Password Reuse: system-auth - Ensure the "remember" PAM option for "pam_pwhistory.so" is included in {{ pam_file_path }}] ***
skipping: [localhost]

TASK [/stigforge/roles/al2023_cis : Limit Password Reuse: system-auth - Ensure the required value for "remember" PAM option from "pam_pwhistory.so" in {{ pam_file_path }}] ***
skipping: [localhost]

TASK [/stigforge/roles/al2023_cis : Limit Password Reuse: system-auth - Ensure authselect changes are applied] ***
skipping: [localhost]

TASK [/stigforge/roles/al2023_cis : Lock Accounts After Failed Password Attempts - Check if system relies on authselect tool] ***
skipping: [localhost]

TASK [/stigforge/roles/al2023_cis : Lock Accounts After Failed Password Attempts - Check integrity of authselect current profile] ***
skipping: [localhost]

TASK [/stigforge/roles/al2023_cis : Lock Accounts After Failed Password Attempts - Informative message based on the authselect integrity check result] ***
skipping: [localhost]

TASK [/stigforge/roles/al2023_cis : Lock Accounts After Failed Password Attempts - Get authselect current features] ***
skipping: [localhost]

TASK [/stigforge/roles/al2023_cis : Lock Accounts After Failed Password Attempts - Ensure "with-faillock" feature is enabled using authselect tool] ***
skipping: [localhost]

TASK [/stigforge/roles/al2023_cis : Lock Accounts After Failed Password Attempts - Ensure authselect changes are applied] ***
skipping: [localhost]

TASK [/stigforge/roles/al2023_cis : Lock Accounts After Failed Password Attempts - Check if pam_faillock.so is already enabled] ***
skipping: [localhost]

TASK [/stigforge/roles/al2023_cis : Lock Accounts After Failed Password Attempts - Enable pam_faillock.so preauth editing PAM files] ***
skipping: [localhost] => (item=/etc/pam.d/system-auth) 
skipping: [localhost] => (item=/etc/pam.d/password-auth) 
skipping: [localhost]

TASK [/stigforge/roles/al2023_cis : Lock Accounts After Failed Password Attempts - Enable pam_faillock.so authfail editing PAM files] ***
skipping: [localhost] => (item=/etc/pam.d/system-auth) 
skipping: [localhost] => (item=/etc/pam.d/password-auth) 
skipping: [localhost]

TASK [/stigforge/roles/al2023_cis : Lock Accounts After Failed Password Attempts - Enable pam_faillock.so account section editing PAM files] ***
skipping: [localhost] => (item=/etc/pam.d/system-auth) 
skipping: [localhost] => (item=/etc/pam.d/password-auth) 
skipping: [localhost]

TASK [/stigforge/roles/al2023_cis : Lock Accounts After Failed Password Attempts - Check the presence of /etc/security/faillock.conf file] ***
skipping: [localhost]

TASK [/stigforge/roles/al2023_cis : Lock Accounts After Failed Password Attempts - Ensure the pam_faillock.so deny parameter in /etc/security/faillock.conf] ***
skipping: [localhost]

TASK [/stigforge/roles/al2023_cis : Lock Accounts After Failed Password Attempts - Check if /etc/pam.d/system-auth file is present] ***
skipping: [localhost]

TASK [/stigforge/roles/al2023_cis : Lock Accounts After Failed Password Attempts - Define the PAM file to be edited as a local fact] ***
skipping: [localhost]

TASK [/stigforge/roles/al2023_cis : Lock Accounts After Failed Password Attempts - Check if system relies on authselect tool] ***
skipping: [localhost]

TASK [/stigforge/roles/al2023_cis : Lock Accounts After Failed Password Attempts - Check integrity of authselect current profile] ***
skipping: [localhost]

TASK [/stigforge/roles/al2023_cis : Lock Accounts After Failed Password Attempts - Informative message based on the authselect integrity check result] ***
skipping: [localhost]

TASK [/stigforge/roles/al2023_cis : Lock Accounts After Failed Password Attempts - Get authselect current profile] ***
skipping: [localhost]

TASK [/stigforge/roles/al2023_cis : Lock Accounts After Failed Password Attempts - Define the current authselect profile as a local fact] ***
skipping: [localhost]

TASK [/stigforge/roles/al2023_cis : Lock Accounts After Failed Password Attempts - Define the new authselect custom profile as a local fact] ***
skipping: [localhost]

TASK [/stigforge/roles/al2023_cis : Lock Accounts After Failed Password Attempts - Get authselect current features to also enable them in the custom profile] ***
skipping: [localhost]

TASK [/stigforge/roles/al2023_cis : Lock Accounts After Failed Password Attempts - Check if any custom profile with the same name was already created] ***
skipping: [localhost]

TASK [/stigforge/roles/al2023_cis : Lock Accounts After Failed Password Attempts - Create an authselect custom profile based on the current profile] ***
skipping: [localhost]

TASK [/stigforge/roles/al2023_cis : Lock Accounts After Failed Password Attempts - Create an authselect custom profile based on sssd profile] ***
skipping: [localhost]

TASK [/stigforge/roles/al2023_cis : Lock Accounts After Failed Password Attempts - Ensure authselect changes are applied] ***
skipping: [localhost]

TASK [/stigforge/roles/al2023_cis : Lock Accounts After Failed Password Attempts - Ensure the authselect custom profile is selected] ***
skipping: [localhost]

TASK [/stigforge/roles/al2023_cis : Lock Accounts After Failed Password Attempts - Restore the authselect features in the custom profile] ***
skipping: [localhost]

TASK [/stigforge/roles/al2023_cis : Lock Accounts After Failed Password Attempts - Ensure authselect changes are applied] ***
skipping: [localhost]

TASK [/stigforge/roles/al2023_cis : Lock Accounts After Failed Password Attempts - Change the PAM file to be edited according to the custom authselect profile] ***
skipping: [localhost]

TASK [/stigforge/roles/al2023_cis : Lock Accounts After Failed Password Attempts - Define a fact for control already filtered in case filters are used] ***
skipping: [localhost]

TASK [/stigforge/roles/al2023_cis : Lock Accounts After Failed Password Attempts - Check if {{ pam_file_path }} file is present] ***
skipping: [localhost]

TASK [/stigforge/roles/al2023_cis : Lock Accounts After Failed Password Attempts - Ensure the "deny" option from "pam_faillock.so" is not present in {{ pam_file_path }}] ***
skipping: [localhost]

TASK [/stigforge/roles/al2023_cis : Lock Accounts After Failed Password Attempts - Ensure authselect changes are applied] ***
skipping: [localhost]

TASK [/stigforge/roles/al2023_cis : Lock Accounts After Failed Password Attempts - Check if /etc/pam.d/password-auth file is present] ***
skipping: [localhost]

TASK [/stigforge/roles/al2023_cis : Lock Accounts After Failed Password Attempts - Define the PAM file to be edited as a local fact] ***
skipping: [localhost]

TASK [/stigforge/roles/al2023_cis : Lock Accounts After Failed Password Attempts - Check if system relies on authselect tool] ***
skipping: [localhost]

TASK [/stigforge/roles/al2023_cis : Lock Accounts After Failed Password Attempts - Check integrity of authselect current profile] ***
skipping: [localhost]

TASK [/stigforge/roles/al2023_cis : Lock Accounts After Failed Password Attempts - Informative message based on the authselect integrity check result] ***
skipping: [localhost]

TASK [/stigforge/roles/al2023_cis : Lock Accounts After Failed Password Attempts - Get authselect current profile] ***
skipping: [localhost]

TASK [/stigforge/roles/al2023_cis : Lock Accounts After Failed Password Attempts - Define the current authselect profile as a local fact] ***
skipping: [localhost]

TASK [/stigforge/roles/al2023_cis : Lock Accounts After Failed Password Attempts - Define the new authselect custom profile as a local fact] ***
skipping: [localhost]

TASK [/stigforge/roles/al2023_cis : Lock Accounts After Failed Password Attempts - Get authselect current features to also enable them in the custom profile] ***
skipping: [localhost]

TASK [/stigforge/roles/al2023_cis : Lock Accounts After Failed Password Attempts - Check if any custom profile with the same name was already created] ***
skipping: [localhost]

TASK [/stigforge/roles/al2023_cis : Lock Accounts After Failed Password Attempts - Create an authselect custom profile based on the current profile] ***
skipping: [localhost]

TASK [/stigforge/roles/al2023_cis : Lock Accounts After Failed Password Attempts - Create an authselect custom profile based on sssd profile] ***
skipping: [localhost]

TASK [/stigforge/roles/al2023_cis : Lock Accounts After Failed Password Attempts - Ensure authselect changes are applied] ***
skipping: [localhost]

TASK [/stigforge/roles/al2023_cis : Lock Accounts After Failed Password Attempts - Ensure the authselect custom profile is selected] ***
skipping: [localhost]

TASK [/stigforge/roles/al2023_cis : Lock Accounts After Failed Password Attempts - Restore the authselect features in the custom profile] ***
skipping: [localhost]

TASK [/stigforge/roles/al2023_cis : Lock Accounts After Failed Password Attempts - Ensure authselect changes are applied] ***
skipping: [localhost]

TASK [/stigforge/roles/al2023_cis : Lock Accounts After Failed Password Attempts - Change the PAM file to be edited according to the custom authselect profile] ***
skipping: [localhost]

TASK [/stigforge/roles/al2023_cis : Lock Accounts After Failed Password Attempts - Define a fact for control already filtered in case filters are used] ***
skipping: [localhost]

TASK [/stigforge/roles/al2023_cis : Lock Accounts After Failed Password Attempts - Check if {{ pam_file_path }} file is present] ***
skipping: [localhost]

TASK [/stigforge/roles/al2023_cis : Lock Accounts After Failed Password Attempts - Ensure the "deny" option from "pam_faillock.so" is not present in {{ pam_file_path }}] ***
skipping: [localhost]

TASK [/stigforge/roles/al2023_cis : Lock Accounts After Failed Password Attempts - Ensure authselect changes are applied] ***
skipping: [localhost]

TASK [/stigforge/roles/al2023_cis : Lock Accounts After Failed Password Attempts - Check if pam_faillock.so deny parameter is already enabled in pam files] ***
skipping: [localhost]

TASK [/stigforge/roles/al2023_cis : Lock Accounts After Failed Password Attempts - Ensure the inclusion of pam_faillock.so preauth deny parameter in auth section] ***
skipping: [localhost] => (item=/etc/pam.d/system-auth) 
skipping: [localhost] => (item=/etc/pam.d/password-auth) 
skipping: [localhost]

TASK [/stigforge/roles/al2023_cis : Lock Accounts After Failed Password Attempts - Ensure the inclusion of pam_faillock.so authfail deny parameter in auth section] ***
skipping: [localhost] => (item=/etc/pam.d/system-auth) 
skipping: [localhost] => (item=/etc/pam.d/password-auth) 
skipping: [localhost]

TASK [/stigforge/roles/al2023_cis : Lock Accounts After Failed Password Attempts - Ensure the desired value for pam_faillock.so preauth deny parameter in auth section] ***
skipping: [localhost] => (item=/etc/pam.d/system-auth) 
skipping: [localhost] => (item=/etc/pam.d/password-auth) 
skipping: [localhost]

TASK [/stigforge/roles/al2023_cis : Lock Accounts After Failed Password Attempts - Ensure the desired value for pam_faillock.so authfail deny parameter in auth section] ***
skipping: [localhost] => (item=/etc/pam.d/system-auth) 
skipping: [localhost] => (item=/etc/pam.d/password-auth) 
skipping: [localhost]

TASK [/stigforge/roles/al2023_cis : Set Lockout Time for Failed Password Attempts - Check if system relies on authselect tool] ***
skipping: [localhost]

TASK [/stigforge/roles/al2023_cis : Set Lockout Time for Failed Password Attempts - Check integrity of authselect current profile] ***
skipping: [localhost]

TASK [/stigforge/roles/al2023_cis : Set Lockout Time for Failed Password Attempts - Informative message based on the authselect integrity check result] ***
skipping: [localhost]

TASK [/stigforge/roles/al2023_cis : Set Lockout Time for Failed Password Attempts - Get authselect current features] ***
skipping: [localhost]

TASK [/stigforge/roles/al2023_cis : Set Lockout Time for Failed Password Attempts - Ensure "with-faillock" feature is enabled using authselect tool] ***
skipping: [localhost]

TASK [/stigforge/roles/al2023_cis : Set Lockout Time for Failed Password Attempts - Ensure authselect changes are applied] ***
skipping: [localhost]

TASK [/stigforge/roles/al2023_cis : Set Lockout Time for Failed Password Attempts - Check if pam_faillock.so is already enabled] ***
skipping: [localhost]

TASK [/stigforge/roles/al2023_cis : Set Lockout Time for Failed Password Attempts - Enable pam_faillock.so preauth editing PAM files] ***
skipping: [localhost] => (item=/etc/pam.d/system-auth) 
skipping: [localhost] => (item=/etc/pam.d/password-auth) 
skipping: [localhost]

TASK [/stigforge/roles/al2023_cis : Set Lockout Time for Failed Password Attempts - Enable pam_faillock.so authfail editing PAM files] ***
skipping: [localhost] => (item=/etc/pam.d/system-auth) 
skipping: [localhost] => (item=/etc/pam.d/password-auth) 
skipping: [localhost]

TASK [/stigforge/roles/al2023_cis : Set Lockout Time for Failed Password Attempts - Enable pam_faillock.so account section editing PAM files] ***
skipping: [localhost] => (item=/etc/pam.d/system-auth) 
skipping: [localhost] => (item=/etc/pam.d/password-auth) 
skipping: [localhost]

TASK [/stigforge/roles/al2023_cis : Set Lockout Time for Failed Password Attempts - Check the presence of /etc/security/faillock.conf file] ***
skipping: [localhost]

TASK [/stigforge/roles/al2023_cis : Set Lockout Time for Failed Password Attempts - Ensure the pam_faillock.so unlock_time parameter in /etc/security/faillock.conf] ***
skipping: [localhost]

TASK [/stigforge/roles/al2023_cis : Set Lockout Time for Failed Password Attempts - Check if /etc/pam.d/system-auth file is present] ***
skipping: [localhost]

TASK [/stigforge/roles/al2023_cis : Set Lockout Time for Failed Password Attempts - Define the PAM file to be edited as a local fact] ***
skipping: [localhost]

TASK [/stigforge/roles/al2023_cis : Set Lockout Time for Failed Password Attempts - Check if system relies on authselect tool] ***
skipping: [localhost]

TASK [/stigforge/roles/al2023_cis : Set Lockout Time for Failed Password Attempts - Check integrity of authselect current profile] ***
skipping: [localhost]

TASK [/stigforge/roles/al2023_cis : Set Lockout Time for Failed Password Attempts - Informative message based on the authselect integrity check result] ***
skipping: [localhost]

TASK [/stigforge/roles/al2023_cis : Set Lockout Time for Failed Password Attempts - Get authselect current profile] ***
skipping: [localhost]

TASK [/stigforge/roles/al2023_cis : Set Lockout Time for Failed Password Attempts - Define the current authselect profile as a local fact] ***
skipping: [localhost]

TASK [/stigforge/roles/al2023_cis : Set Lockout Time for Failed Password Attempts - Define the new authselect custom profile as a local fact] ***
skipping: [localhost]

TASK [/stigforge/roles/al2023_cis : Set Lockout Time for Failed Password Attempts - Get authselect current features to also enable them in the custom profile] ***
skipping: [localhost]

TASK [/stigforge/roles/al2023_cis : Set Lockout Time for Failed Password Attempts - Check if any custom profile with the same name was already created] ***
skipping: [localhost]

TASK [/stigforge/roles/al2023_cis : Set Lockout Time for Failed Password Attempts - Create an authselect custom profile based on the current profile] ***
skipping: [localhost]

TASK [/stigforge/roles/al2023_cis : Set Lockout Time for Failed Password Attempts - Create an authselect custom profile based on sssd profile] ***
skipping: [localhost]

TASK [/stigforge/roles/al2023_cis : Set Lockout Time for Failed Password Attempts - Ensure authselect changes are applied] ***
skipping: [localhost]

TASK [/stigforge/roles/al2023_cis : Set Lockout Time for Failed Password Attempts - Ensure the authselect custom profile is selected] ***
skipping: [localhost]

TASK [/stigforge/roles/al2023_cis : Set Lockout Time for Failed Password Attempts - Restore the authselect features in the custom profile] ***
skipping: [localhost]

TASK [/stigforge/roles/al2023_cis : Set Lockout Time for Failed Password Attempts - Ensure authselect changes are applied] ***
skipping: [localhost]

TASK [/stigforge/roles/al2023_cis : Set Lockout Time for Failed Password Attempts - Change the PAM file to be edited according to the custom authselect profile] ***
skipping: [localhost]

TASK [/stigforge/roles/al2023_cis : Set Lockout Time for Failed Password Attempts - Define a fact for control already filtered in case filters are used] ***
skipping: [localhost]

TASK [/stigforge/roles/al2023_cis : Set Lockout Time for Failed Password Attempts - Check if {{ pam_file_path }} file is present] ***
skipping: [localhost]

TASK [/stigforge/roles/al2023_cis : Set Lockout Time for Failed Password Attempts - Ensure the "unlock_time" option from "pam_faillock.so" is not present in {{ pam_file_path }}] ***
skipping: [localhost]

TASK [/stigforge/roles/al2023_cis : Set Lockout Time for Failed Password Attempts - Ensure authselect changes are applied] ***
skipping: [localhost]

TASK [/stigforge/roles/al2023_cis : Set Lockout Time for Failed Password Attempts - Check if /etc/pam.d/password-auth file is present] ***
skipping: [localhost]

TASK [/stigforge/roles/al2023_cis : Set Lockout Time for Failed Password Attempts - Define the PAM file to be edited as a local fact] ***
skipping: [localhost]

TASK [/stigforge/roles/al2023_cis : Set Lockout Time for Failed Password Attempts - Check if system relies on authselect tool] ***
skipping: [localhost]

TASK [/stigforge/roles/al2023_cis : Set Lockout Time for Failed Password Attempts - Check integrity of authselect current profile] ***
skipping: [localhost]

TASK [/stigforge/roles/al2023_cis : Set Lockout Time for Failed Password Attempts - Informative message based on the authselect integrity check result] ***
skipping: [localhost]

TASK [/stigforge/roles/al2023_cis : Set Lockout Time for Failed Password Attempts - Get authselect current profile] ***
skipping: [localhost]

TASK [/stigforge/roles/al2023_cis : Set Lockout Time for Failed Password Attempts - Define the current authselect profile as a local fact] ***
skipping: [localhost]

TASK [/stigforge/roles/al2023_cis : Set Lockout Time for Failed Password Attempts - Define the new authselect custom profile as a local fact] ***
skipping: [localhost]

TASK [/stigforge/roles/al2023_cis : Set Lockout Time for Failed Password Attempts - Get authselect current features to also enable them in the custom profile] ***
skipping: [localhost]

TASK [/stigforge/roles/al2023_cis : Set Lockout Time for Failed Password Attempts - Check if any custom profile with the same name was already created] ***
skipping: [localhost]

TASK [/stigforge/roles/al2023_cis : Set Lockout Time for Failed Password Attempts - Create an authselect custom profile based on the current profile] ***
skipping: [localhost]

TASK [/stigforge/roles/al2023_cis : Set Lockout Time for Failed Password Attempts - Create an authselect custom profile based on sssd profile] ***
skipping: [localhost]

TASK [/stigforge/roles/al2023_cis : Set Lockout Time for Failed Password Attempts - Ensure authselect changes are applied] ***
skipping: [localhost]

TASK [/stigforge/roles/al2023_cis : Set Lockout Time for Failed Password Attempts - Ensure the authselect custom profile is selected] ***
skipping: [localhost]

TASK [/stigforge/roles/al2023_cis : Set Lockout Time for Failed Password Attempts - Restore the authselect features in the custom profile] ***
skipping: [localhost]

TASK [/stigforge/roles/al2023_cis : Set Lockout Time for Failed Password Attempts - Ensure authselect changes are applied] ***
skipping: [localhost]

TASK [/stigforge/roles/al2023_cis : Set Lockout Time for Failed Password Attempts - Change the PAM file to be edited according to the custom authselect profile] ***
skipping: [localhost]

TASK [/stigforge/roles/al2023_cis : Set Lockout Time for Failed Password Attempts - Define a fact for control already filtered in case filters are used] ***
skipping: [localhost]

TASK [/stigforge/roles/al2023_cis : Set Lockout Time for Failed Password Attempts - Check if {{ pam_file_path }} file is present] ***
skipping: [localhost]

TASK [/stigforge/roles/al2023_cis : Set Lockout Time for Failed Password Attempts - Ensure the "unlock_time" option from "pam_faillock.so" is not present in {{ pam_file_path }}] ***
skipping: [localhost]

TASK [/stigforge/roles/al2023_cis : Set Lockout Time for Failed Password Attempts - Ensure authselect changes are applied] ***
skipping: [localhost]

TASK [/stigforge/roles/al2023_cis : Set Lockout Time for Failed Password Attempts - Check if pam_faillock.so unlock_time parameter is already enabled in pam files] ***
skipping: [localhost]

TASK [/stigforge/roles/al2023_cis : Set Lockout Time for Failed Password Attempts - Ensure the inclusion of pam_faillock.so preauth unlock_time parameter in auth section] ***
skipping: [localhost] => (item=/etc/pam.d/system-auth) 
skipping: [localhost] => (item=/etc/pam.d/password-auth) 
skipping: [localhost]

TASK [/stigforge/roles/al2023_cis : Set Lockout Time for Failed Password Attempts - Ensure the inclusion of pam_faillock.so authfail unlock_time parameter in auth section] ***
skipping: [localhost] => (item=/etc/pam.d/system-auth) 
skipping: [localhost] => (item=/etc/pam.d/password-auth) 
skipping: [localhost]

TASK [/stigforge/roles/al2023_cis : Set Lockout Time for Failed Password Attempts - Ensure the desired value for pam_faillock.so preauth unlock_time parameter in auth section] ***
skipping: [localhost] => (item=/etc/pam.d/system-auth) 
skipping: [localhost] => (item=/etc/pam.d/password-auth) 
skipping: [localhost]

TASK [/stigforge/roles/al2023_cis : Set Lockout Time for Failed Password Attempts - Ensure the desired value for pam_faillock.so authfail unlock_time parameter in auth section] ***
skipping: [localhost] => (item=/etc/pam.d/system-auth) 
skipping: [localhost] => (item=/etc/pam.d/password-auth) 
skipping: [localhost]

TASK [/stigforge/roles/al2023_cis : Ensure PAM Enforces Password Requirements - Minimum Different Categories - Ensure PAM variable minclass is set accordingly] ***
skipping: [localhost]

TASK [/stigforge/roles/al2023_cis : Ensure PAM Enforces Password Requirements - Minimum Length - Ensure PAM variable minlen is set accordingly] ***
skipping: [localhost]

TASK [/stigforge/roles/al2023_cis : Ensure PAM Enforces Password Requirements - Authentication Retry Prompts Permitted Per-Session - Define a fact for control already filtered in case filters are used] ***
skipping: [localhost]

TASK [/stigforge/roles/al2023_cis : Ensure PAM Enforces Password Requirements - Authentication Retry Prompts Permitted Per-Session - Check if expected PAM module line is present in /etc/pam.d/system-auth] ***
skipping: [localhost]

TASK [/stigforge/roles/al2023_cis : Ensure PAM Enforces Password Requirements - Authentication Retry Prompts Permitted Per-Session - Check if required PAM module line is present in /etc/pam.d/system-auth with different control] ***
skipping: [localhost]

TASK [/stigforge/roles/al2023_cis : Ensure PAM Enforces Password Requirements - Authentication Retry Prompts Permitted Per-Session - Ensure the correct control for the required PAM module line in /etc/pam.d/system-auth] ***
skipping: [localhost]

TASK [/stigforge/roles/al2023_cis : Ensure PAM Enforces Password Requirements - Authentication Retry Prompts Permitted Per-Session - Ensure the required PAM module line is included in /etc/pam.d/system-auth] ***
skipping: [localhost]

TASK [/stigforge/roles/al2023_cis : Ensure PAM Enforces Password Requirements - Authentication Retry Prompts Permitted Per-Session - Ensure authselect changes are applied] ***
skipping: [localhost]

TASK [/stigforge/roles/al2023_cis : Ensure PAM Enforces Password Requirements - Authentication Retry Prompts Permitted Per-Session - Define a fact for control already filtered in case filters are used] ***
skipping: [localhost]

TASK [/stigforge/roles/al2023_cis : Ensure PAM Enforces Password Requirements - Authentication Retry Prompts Permitted Per-Session - Check if the required PAM module option is present in /etc/pam.d/system-auth] ***
skipping: [localhost]

TASK [/stigforge/roles/al2023_cis : Ensure PAM Enforces Password Requirements - Authentication Retry Prompts Permitted Per-Session - Ensure the "retry" PAM option for "pam_pwquality.so" is included in /etc/pam.d/system-auth] ***
skipping: [localhost]

TASK [/stigforge/roles/al2023_cis : Ensure PAM Enforces Password Requirements - Authentication Retry Prompts Permitted Per-Session - Ensure the required value for "retry" PAM option from "pam_pwquality.so" in /etc/pam.d/system-auth] ***
skipping: [localhost]

TASK [/stigforge/roles/al2023_cis : Set Password Hashing Algorithm in /etc/login.defs] ***
skipping: [localhost]

TASK [/stigforge/roles/al2023_cis : Set PAM Password Hashing Algorithm - password-auth - Check if /etc/pam.d/password-auth file is present] ***
skipping: [localhost]

TASK [/stigforge/roles/al2023_cis : Set PAM Password Hashing Algorithm - password-auth - Define the PAM file to be edited as a local fact] ***
skipping: [localhost]

TASK [/stigforge/roles/al2023_cis : Set PAM Password Hashing Algorithm - password-auth - Check if system relies on authselect tool] ***
skipping: [localhost]

TASK [/stigforge/roles/al2023_cis : Set PAM Password Hashing Algorithm - password-auth - Check integrity of authselect current profile] ***
skipping: [localhost]

TASK [/stigforge/roles/al2023_cis : Set PAM Password Hashing Algorithm - password-auth - Informative message based on the authselect integrity check result] ***
skipping: [localhost]

TASK [/stigforge/roles/al2023_cis : Set PAM Password Hashing Algorithm - password-auth - Get authselect current profile] ***
skipping: [localhost]

TASK [/stigforge/roles/al2023_cis : Set PAM Password Hashing Algorithm - password-auth - Define the current authselect profile as a local fact] ***
skipping: [localhost]

TASK [/stigforge/roles/al2023_cis : Set PAM Password Hashing Algorithm - password-auth - Define the new authselect custom profile as a local fact] ***
skipping: [localhost]

TASK [/stigforge/roles/al2023_cis : Set PAM Password Hashing Algorithm - password-auth - Get authselect current features to also enable them in the custom profile] ***
skipping: [localhost]

TASK [/stigforge/roles/al2023_cis : Set PAM Password Hashing Algorithm - password-auth - Check if any custom profile with the same name was already created] ***
skipping: [localhost]

TASK [/stigforge/roles/al2023_cis : Set PAM Password Hashing Algorithm - password-auth - Create an authselect custom profile based on the current profile] ***
skipping: [localhost]

TASK [/stigforge/roles/al2023_cis : Set PAM Password Hashing Algorithm - password-auth - Create an authselect custom profile based on sssd profile] ***
skipping: [localhost]

TASK [/stigforge/roles/al2023_cis : Set PAM Password Hashing Algorithm - password-auth - Ensure authselect changes are applied] ***
skipping: [localhost]

TASK [/stigforge/roles/al2023_cis : Set PAM Password Hashing Algorithm - password-auth - Ensure the authselect custom profile is selected] ***
skipping: [localhost]

TASK [/stigforge/roles/al2023_cis : Set PAM Password Hashing Algorithm - password-auth - Restore the authselect features in the custom profile] ***
skipping: [localhost]

TASK [/stigforge/roles/al2023_cis : Set PAM Password Hashing Algorithm - password-auth - Ensure authselect changes are applied] ***
skipping: [localhost]

TASK [/stigforge/roles/al2023_cis : Set PAM Password Hashing Algorithm - password-auth - Change the PAM file to be edited according to the custom authselect profile] ***
skipping: [localhost]

TASK [/stigforge/roles/al2023_cis : Set PAM Password Hashing Algorithm - password-auth - Define a fact for control already filtered in case filters are used] ***
skipping: [localhost]

TASK [/stigforge/roles/al2023_cis : Set PAM Password Hashing Algorithm - password-auth - Check if expected PAM module line is present in {{ pam_file_path }}] ***
skipping: [localhost]

TASK [/stigforge/roles/al2023_cis : Set PAM Password Hashing Algorithm - password-auth - Check if required PAM module line is present in {{ pam_file_path }} with different control] ***
skipping: [localhost]

TASK [/stigforge/roles/al2023_cis : Set PAM Password Hashing Algorithm - password-auth - Ensure the correct control for the required PAM module line in {{ pam_file_path }}] ***
skipping: [localhost]

TASK [/stigforge/roles/al2023_cis : Set PAM Password Hashing Algorithm - password-auth - Ensure the required PAM module line is included in {{ pam_file_path }}] ***
skipping: [localhost]

TASK [/stigforge/roles/al2023_cis : Set PAM Password Hashing Algorithm - password-auth - Ensure authselect changes are applied] ***
skipping: [localhost]

TASK [/stigforge/roles/al2023_cis : Set PAM Password Hashing Algorithm - password-auth - Define a fact for control already filtered in case filters are used] ***
skipping: [localhost]

TASK [/stigforge/roles/al2023_cis : Set PAM Password Hashing Algorithm - password-auth - Check if the required PAM module option is present in {{ pam_file_path }}] ***
skipping: [localhost]

TASK [/stigforge/roles/al2023_cis : Set PAM Password Hashing Algorithm - password-auth - Ensure the "{{ var_password_hashing_algorithm_pam.split("|")[0] }}" PAM option for "pam_unix.so" is included in {{ pam_file_path }}] ***
skipping: [localhost]

TASK [/stigforge/roles/al2023_cis : Set PAM Password Hashing Algorithm - password-auth - Ensure authselect changes are applied] ***
skipping: [localhost]

TASK [/stigforge/roles/al2023_cis : Set PAM Password Hashing Algorithm - password-auth - Check if /etc/pam.d/password-auth File is Present] ***
skipping: [localhost]

TASK [/stigforge/roles/al2023_cis : Set PAM Password Hashing Algorithm - password-auth - Define the PAM file to be edited as a local fact] ***
skipping: [localhost]

TASK [/stigforge/roles/al2023_cis : Set PAM Password Hashing Algorithm - password-auth - Check if system relies on authselect tool] ***
skipping: [localhost]

TASK [/stigforge/roles/al2023_cis : Set PAM Password Hashing Algorithm - password-auth - Check integrity of authselect current profile] ***
skipping: [localhost]

TASK [/stigforge/roles/al2023_cis : Set PAM Password Hashing Algorithm - password-auth - Informative message based on the authselect integrity check result] ***
skipping: [localhost]

TASK [/stigforge/roles/al2023_cis : Set PAM Password Hashing Algorithm - password-auth - Get authselect current profile] ***
skipping: [localhost]

TASK [/stigforge/roles/al2023_cis : Set PAM Password Hashing Algorithm - password-auth - Define the current authselect profile as a local fact] ***
skipping: [localhost]

TASK [/stigforge/roles/al2023_cis : Set PAM Password Hashing Algorithm - password-auth - Define the new authselect custom profile as a local fact] ***
skipping: [localhost]

TASK [/stigforge/roles/al2023_cis : Set PAM Password Hashing Algorithm - password-auth - Get authselect current features to also enable them in the custom profile] ***
skipping: [localhost]

TASK [/stigforge/roles/al2023_cis : Set PAM Password Hashing Algorithm - password-auth - Check if any custom profile with the same name was already created] ***
skipping: [localhost]

TASK [/stigforge/roles/al2023_cis : Set PAM Password Hashing Algorithm - password-auth - Create an authselect custom profile based on the current profile] ***
skipping: [localhost]

TASK [/stigforge/roles/al2023_cis : Set PAM Password Hashing Algorithm - password-auth - Create an authselect custom profile based on sssd profile] ***
skipping: [localhost]

TASK [/stigforge/roles/al2023_cis : Set PAM Password Hashing Algorithm - password-auth - Ensure authselect changes are applied] ***
skipping: [localhost]

TASK [/stigforge/roles/al2023_cis : Set PAM Password Hashing Algorithm - password-auth - Ensure the authselect custom profile is selected] ***
skipping: [localhost]

TASK [/stigforge/roles/al2023_cis : Set PAM Password Hashing Algorithm - password-auth - Restore the authselect features in the custom profile] ***
skipping: [localhost]

TASK [/stigforge/roles/al2023_cis : Set PAM Password Hashing Algorithm - password-auth - Ensure authselect changes are applied] ***
skipping: [localhost]

TASK [/stigforge/roles/al2023_cis : Set PAM Password Hashing Algorithm - password-auth - Change the PAM file to be edited according to the custom authselect profile] ***
skipping: [localhost]

TASK [/stigforge/roles/al2023_cis : Set PAM Password Hashing Algorithm - password-auth - Check if "{{ pam_file_path }}" File is Present] ***
skipping: [localhost]

TASK [/stigforge/roles/al2023_cis : Set PAM Password Hashing Algorithm - password-auth - Ensure That Only the Correct Hashing Algorithm Option For pam_unix.so Is Used in {{ pam_file_path }}] ***
skipping: [localhost] => (item=sha512) 
skipping: [localhost] => (item=yescrypt) 
skipping: [localhost] => (item=gost_yescrypt) 
skipping: [localhost] => (item=blowfish) 
skipping: [localhost] => (item=sha256) 
skipping: [localhost] => (item=md5) 
skipping: [localhost] => (item=bigcrypt) 
skipping: [localhost]

TASK [/stigforge/roles/al2023_cis : Set PAM Password Hashing Algorithm - password-auth - Ensure authselect changes are applied] ***
skipping: [localhost]

TASK [/stigforge/roles/al2023_cis : Set PAM Password Hashing Algorithm - system-auth - Check if /etc/pam.d/system-auth file is present] ***
skipping: [localhost]

TASK [/stigforge/roles/al2023_cis : Set PAM Password Hashing Algorithm - system-auth - Define the PAM file to be edited as a local fact] ***
skipping: [localhost]

TASK [/stigforge/roles/al2023_cis : Set PAM Password Hashing Algorithm - system-auth - Check if system relies on authselect tool] ***
skipping: [localhost]

TASK [/stigforge/roles/al2023_cis : Set PAM Password Hashing Algorithm - system-auth - Check integrity of authselect current profile] ***
skipping: [localhost]

TASK [/stigforge/roles/al2023_cis : Set PAM Password Hashing Algorithm - system-auth - Informative message based on the authselect integrity check result] ***
skipping: [localhost]

TASK [/stigforge/roles/al2023_cis : Set PAM Password Hashing Algorithm - system-auth - Get authselect current profile] ***
skipping: [localhost]

TASK [/stigforge/roles/al2023_cis : Set PAM Password Hashing Algorithm - system-auth - Define the current authselect profile as a local fact] ***
skipping: [localhost]

TASK [/stigforge/roles/al2023_cis : Set PAM Password Hashing Algorithm - system-auth - Define the new authselect custom profile as a local fact] ***
skipping: [localhost]

TASK [/stigforge/roles/al2023_cis : Set PAM Password Hashing Algorithm - system-auth - Get authselect current features to also enable them in the custom profile] ***
skipping: [localhost]

TASK [/stigforge/roles/al2023_cis : Set PAM Password Hashing Algorithm - system-auth - Check if any custom profile with the same name was already created] ***
skipping: [localhost]

TASK [/stigforge/roles/al2023_cis : Set PAM Password Hashing Algorithm - system-auth - Create an authselect custom profile based on the current profile] ***
skipping: [localhost]

TASK [/stigforge/roles/al2023_cis : Set PAM Password Hashing Algorithm - system-auth - Create an authselect custom profile based on sssd profile] ***
skipping: [localhost]

TASK [/stigforge/roles/al2023_cis : Set PAM Password Hashing Algorithm - system-auth - Ensure authselect changes are applied] ***
skipping: [localhost]

TASK [/stigforge/roles/al2023_cis : Set PAM Password Hashing Algorithm - system-auth - Ensure the authselect custom profile is selected] ***
skipping: [localhost]

TASK [/stigforge/roles/al2023_cis : Set PAM Password Hashing Algorithm - system-auth - Restore the authselect features in the custom profile] ***
skipping: [localhost]

TASK [/stigforge/roles/al2023_cis : Set PAM Password Hashing Algorithm - system-auth - Ensure authselect changes are applied] ***
skipping: [localhost]

TASK [/stigforge/roles/al2023_cis : Set PAM Password Hashing Algorithm - system-auth - Change the PAM file to be edited according to the custom authselect profile] ***
skipping: [localhost]

TASK [/stigforge/roles/al2023_cis : Set PAM Password Hashing Algorithm - system-auth - Define a fact for control already filtered in case filters are used] ***
skipping: [localhost]

TASK [/stigforge/roles/al2023_cis : Set PAM Password Hashing Algorithm - system-auth - Check if expected PAM module line is present in {{ pam_file_path }}] ***
skipping: [localhost]

TASK [/stigforge/roles/al2023_cis : Set PAM Password Hashing Algorithm - system-auth - Check if required PAM module line is present in {{ pam_file_path }} with different control] ***
skipping: [localhost]

TASK [/stigforge/roles/al2023_cis : Set PAM Password Hashing Algorithm - system-auth - Ensure the correct control for the required PAM module line in {{ pam_file_path }}] ***
skipping: [localhost]

TASK [/stigforge/roles/al2023_cis : Set PAM Password Hashing Algorithm - system-auth - Ensure the required PAM module line is included in {{ pam_file_path }}] ***
skipping: [localhost]

TASK [/stigforge/roles/al2023_cis : Set PAM Password Hashing Algorithm - system-auth - Ensure authselect changes are applied] ***
skipping: [localhost]

TASK [/stigforge/roles/al2023_cis : Set PAM Password Hashing Algorithm - system-auth - Define a fact for control already filtered in case filters are used] ***
skipping: [localhost]

TASK [/stigforge/roles/al2023_cis : Set PAM Password Hashing Algorithm - system-auth - Check if the required PAM module option is present in {{ pam_file_path }}] ***
skipping: [localhost]

TASK [/stigforge/roles/al2023_cis : Set PAM Password Hashing Algorithm - system-auth - Ensure the "{{ var_password_hashing_algorithm_pam.split("|")[0] }}" PAM option for "pam_unix.so" is included in {{ pam_file_path }}] ***
skipping: [localhost]

TASK [/stigforge/roles/al2023_cis : Set PAM Password Hashing Algorithm - system-auth - Ensure authselect changes are applied] ***
skipping: [localhost]

TASK [/stigforge/roles/al2023_cis : Set PAM Password Hashing Algorithm - system-auth - Check if /etc/pam.d/system-auth File is Present] ***
skipping: [localhost]

TASK [/stigforge/roles/al2023_cis : Set PAM Password Hashing Algorithm - system-auth - Define the PAM file to be edited as a local fact] ***
skipping: [localhost]

TASK [/stigforge/roles/al2023_cis : Set PAM Password Hashing Algorithm - system-auth - Check if system relies on authselect tool] ***
skipping: [localhost]

TASK [/stigforge/roles/al2023_cis : Set PAM Password Hashing Algorithm - system-auth - Check integrity of authselect current profile] ***
skipping: [localhost]

TASK [/stigforge/roles/al2023_cis : Set PAM Password Hashing Algorithm - system-auth - Informative message based on the authselect integrity check result] ***
skipping: [localhost]

TASK [/stigforge/roles/al2023_cis : Set PAM Password Hashing Algorithm - system-auth - Get authselect current profile] ***
skipping: [localhost]

TASK [/stigforge/roles/al2023_cis : Set PAM Password Hashing Algorithm - system-auth - Define the current authselect profile as a local fact] ***
skipping: [localhost]

TASK [/stigforge/roles/al2023_cis : Set PAM Password Hashing Algorithm - system-auth - Define the new authselect custom profile as a local fact] ***
skipping: [localhost]

TASK [/stigforge/roles/al2023_cis : Set PAM Password Hashing Algorithm - system-auth - Get authselect current features to also enable them in the custom profile] ***
skipping: [localhost]

TASK [/stigforge/roles/al2023_cis : Set PAM Password Hashing Algorithm - system-auth - Check if any custom profile with the same name was already created] ***
skipping: [localhost]

TASK [/stigforge/roles/al2023_cis : Set PAM Password Hashing Algorithm - system-auth - Create an authselect custom profile based on the current profile] ***
skipping: [localhost]

TASK [/stigforge/roles/al2023_cis : Set PAM Password Hashing Algorithm - system-auth - Create an authselect custom profile based on sssd profile] ***
skipping: [localhost]

TASK [/stigforge/roles/al2023_cis : Set PAM Password Hashing Algorithm - system-auth - Ensure authselect changes are applied] ***
skipping: [localhost]

TASK [/stigforge/roles/al2023_cis : Set PAM Password Hashing Algorithm - system-auth - Ensure the authselect custom profile is selected] ***
skipping: [localhost]

TASK [/stigforge/roles/al2023_cis : Set PAM Password Hashing Algorithm - system-auth - Restore the authselect features in the custom profile] ***
skipping: [localhost]

TASK [/stigforge/roles/al2023_cis : Set PAM Password Hashing Algorithm - system-auth - Ensure authselect changes are applied] ***
skipping: [localhost]

TASK [/stigforge/roles/al2023_cis : Set PAM Password Hashing Algorithm - system-auth - Change the PAM file to be edited according to the custom authselect profile] ***
skipping: [localhost]

TASK [/stigforge/roles/al2023_cis : Set PAM Password Hashing Algorithm - system-auth - Check if "{{ pam_file_path }}" File is Present] ***
skipping: [localhost]

TASK [/stigforge/roles/al2023_cis : Set PAM Password Hashing Algorithm - system-auth - Ensure That Only the Correct Hashing Algorithm Option For pam_unix.so Is Used in {{ pam_file_path }}] ***
skipping: [localhost] => (item=sha512) 
skipping: [localhost] => (item=yescrypt) 
skipping: [localhost] => (item=gost_yescrypt) 
skipping: [localhost] => (item=blowfish) 
skipping: [localhost] => (item=sha256) 
skipping: [localhost] => (item=md5) 
skipping: [localhost] => (item=bigcrypt) 
skipping: [localhost]

TASK [/stigforge/roles/al2023_cis : Set PAM Password Hashing Algorithm - system-auth - Ensure authselect changes are applied] ***
skipping: [localhost]

TASK [/stigforge/roles/al2023_cis : Set Account Expiration Following Inactivity] ***
skipping: [localhost]

TASK [/stigforge/roles/al2023_cis : Set Password Maximum Age] ******************
skipping: [localhost]

TASK [/stigforge/roles/al2023_cis : Set Password Minimum Age] ******************
skipping: [localhost]

TASK [/stigforge/roles/al2023_cis : Collect users with not correct maximum time period between password changes] ***
skipping: [localhost]

TASK [/stigforge/roles/al2023_cis : Change the maximum time period between password changes] ***
skipping: [localhost]

TASK [/stigforge/roles/al2023_cis : Collect users with not correct minimum time period between password changes] ***
skipping: [localhost]

TASK [/stigforge/roles/al2023_cis : Change the minimum time period between password changes] ***
skipping: [localhost]

TASK [/stigforge/roles/al2023_cis : Set Existing Passwords Warning Age - Collect Users With Incorrect Number of Days of Warning Before Password Expires] ***
skipping: [localhost]

TASK [/stigforge/roles/al2023_cis : Set Existing Passwords Warning Age - Ensure the Number of Days of Warning Before Password Expires] ***
skipping: [localhost]

TASK [/stigforge/roles/al2023_cis : Set Password Warning Age] ******************
skipping: [localhost]

TASK [/stigforge/roles/al2023_cis : Collect users with not correct INACTIVE parameter set] ***
skipping: [localhost]

TASK [/stigforge/roles/al2023_cis : Change the period of inactivity] ***********
skipping: [localhost]

TASK [/stigforge/roles/al2023_cis : Collect users with no password] ************
skipping: [localhost]

TASK [/stigforge/roles/al2023_cis : Lock users with no password] ***************
skipping: [localhost]

TASK [/stigforge/roles/al2023_cis : Get all /etc/passwd file entries] **********
skipping: [localhost]

TASK [/stigforge/roles/al2023_cis : Lock the password of the user accounts other than root with uid 0] ***
skipping: [localhost]

TASK [/stigforge/roles/al2023_cis : Ensure that System Accounts Are Locked - Get All Local Users From /etc/passwd] ***
skipping: [localhost]

TASK [/stigforge/roles/al2023_cis : Ensure that System Accounts Are Locked - Create local_users Variable From getent_passwd Facts] ***
skipping: [localhost]

TASK [/stigforge/roles/al2023_cis : Ensure that System Accounts Are Locked - Lock System Accounts] ***
skipping: [localhost]

TASK [/stigforge/roles/al2023_cis : Ensure that System Accounts Do Not Run a Shell Upon Login - Get All Local Users From /etc/passwd] ***
skipping: [localhost]

TASK [/stigforge/roles/al2023_cis : Ensure that System Accounts Do Not Run a Shell Upon Login - Create local_users Variable From getent_passwd Facts] ***
skipping: [localhost]

TASK [/stigforge/roles/al2023_cis : Ensure that System Accounts Do Not Run a Shell Upon Login -  Disable Login Shell for System Accounts] ***
skipping: [localhost]

TASK [/stigforge/roles/al2023_cis : Correct any occurrence of TMOUT in /etc/profile] ***
skipping: [localhost]

TASK [/stigforge/roles/al2023_cis : Set Interactive Session Timeout] ***********
skipping: [localhost]

TASK [/stigforge/roles/al2023_cis : User Initialization Files Must Be Group-Owned By The Primary Group - Get interactive users from passwd file] ***
skipping: [localhost]

TASK [/stigforge/roles/al2023_cis : User Initialization Files Must Be Group-Owned By The Primary Group - Create list of interactive users with GID and home directory] ***
skipping: [localhost]

TASK [/stigforge/roles/al2023_cis : User Initialization Files Must Be Group-Owned By The Primary Group - Find dot files in interactive user home directories] ***
skipping: [localhost]

TASK [/stigforge/roles/al2023_cis : User Initialization Files Must Be Group-Owned By The Primary Group - Set correct group ownership for user initialization files] ***
skipping: [localhost]

TASK [/stigforge/roles/al2023_cis : User Initialization Files Must Be Owned By the Primary User - Get interactive users from passwd file] ***
skipping: [localhost]

TASK [/stigforge/roles/al2023_cis : User Initialization Files Must Be Owned By the Primary User - Create list of interactive users with UID and home directory] ***
skipping: [localhost]

TASK [/stigforge/roles/al2023_cis : User Initialization Files Must Be Owned By the Primary User - Find dot files in interactive user home directories] ***
skipping: [localhost]

TASK [/stigforge/roles/al2023_cis : User Initialization Files Must Be Owned By the Primary User - Set correct ownership for user initialization files] ***
skipping: [localhost]

TASK [/stigforge/roles/al2023_cis : Get all local users from /etc/passwd] ******
skipping: [localhost]

TASK [/stigforge/roles/al2023_cis : Create local_users variable from the getent output] ***
skipping: [localhost]

TASK [/stigforge/roles/al2023_cis : Ensure interactive users have a home directory exists] ***
skipping: [localhost]

TASK [/stigforge/roles/al2023_cis : Get all local users from /etc/passwd] ******
ok: [localhost]

TASK [/stigforge/roles/al2023_cis : Create local_users variable from the getent output] ***
ok: [localhost]

TASK [/stigforge/roles/al2023_cis : Test for existence of .netrc file in home directories to avoid creating them, but only fixing permissions] ***
skipping: [localhost] => (item={'key': 'root', 'value': ['x', '0', '0', 'root', '/root', '/bin/bash']}) 
skipping: [localhost] => (item={'key': 'bin', 'value': ['x', '1', '1', 'bin', '/bin', '/sbin/nologin']}) 
skipping: [localhost] => (item={'key': 'daemon', 'value': ['x', '2', '2', 'daemon', '/sbin', '/sbin/nologin']}) 
skipping: [localhost] => (item={'key': 'adm', 'value': ['x', '3', '4', 'adm', '/var/adm', '/sbin/nologin']}) 
skipping: [localhost] => (item={'key': 'lp', 'value': ['x', '4', '7', 'lp', '/var/spool/lpd', '/sbin/nologin']}) 
skipping: [localhost] => (item={'key': 'sync', 'value': ['x', '5', '0', 'sync', '/sbin', '/bin/sync']}) 
skipping: [localhost] => (item={'key': 'shutdown', 'value': ['x', '6', '0', 'shutdown', '/sbin', '/sbin/shutdown']}) 
skipping: [localhost] => (item={'key': 'halt', 'value': ['x', '7', '0', 'halt', '/sbin', '/sbin/halt']}) 
skipping: [localhost] => (item={'key': 'mail', 'value': ['x', '8', '12', 'mail', '/var/spool/mail', '/sbin/nologin']}) 
skipping: [localhost] => (item={'key': 'operator', 'value': ['x', '11', '0', 'operator', '/root', '/sbin/nologin']}) 
skipping: [localhost] => (item={'key': 'games', 'value': ['x', '12', '100', 'games', '/usr/games', '/sbin/nologin']}) 
skipping: [localhost] => (item={'key': 'ftp', 'value': ['x', '14', '50', 'FTP User', '/var/ftp', '/sbin/nologin']}) 
skipping: [localhost] => (item={'key': 'nobody', 'value': ['x', '65534', '65534', 'Kernel Overflow User', '/', '/sbin/nologin']}) 
skipping: [localhost] => (item={'key': 'dbus', 'value': ['x', '81', '81', 'System message bus', '/', '/sbin/nologin']}) 
skipping: [localhost] => (item={'key': 'systemd-network', 'value': ['x', '192', '192', 'systemd Network Management', '/', '/usr/sbin/nologin']}) 
skipping: [localhost] => (item={'key': 'systemd-oom', 'value': ['x', '999', '999', 'systemd Userspace OOM Killer', '/', '/usr/sbin/nologin']}) 
skipping: [localhost] => (item={'key': 'systemd-resolve', 'value': ['x', '193', '193', 'systemd Resolver', '/', '/usr/sbin/nologin']}) 
skipping: [localhost]

TASK [/stigforge/roles/al2023_cis : Ensure group and world cannot access respective .netrc files] ***
skipping: [localhost] => (item={'changed': False, 'skipped': True, 'skip_reason': 'Conditional result was False', 'false_condition': 'item.value[1]|int >= 1000', 'item': {'key': 'root', 'value': ['x', '0', '0', 'root', '/root', '/bin/bash']}, 'ansible_loop_var': 'item'}) 
skipping: [localhost] => (item={'changed': False, 'skipped': True, 'skip_reason': 'Conditional result was False', 'false_condition': 'item.value[1]|int >= 1000', 'item': {'key': 'bin', 'value': ['x', '1', '1', 'bin', '/bin', '/sbin/nologin']}, 'ansible_loop_var': 'item'}) 
skipping: [localhost] => (item={'changed': False, 'skipped': True, 'skip_reason': 'Conditional result was False', 'false_condition': 'item.value[1]|int >= 1000', 'item': {'key': 'daemon', 'value': ['x', '2', '2', 'daemon', '/sbin', '/sbin/nologin']}, 'ansible_loop_var': 'item'}) 
skipping: [localhost] => (item={'changed': False, 'skipped': True, 'skip_reason': 'Conditional result was False', 'false_condition': 'item.value[1]|int >= 1000', 'item': {'key': 'adm', 'value': ['x', '3', '4', 'adm', '/var/adm', '/sbin/nologin']}, 'ansible_loop_var': 'item'}) 
skipping: [localhost] => (item={'changed': False, 'skipped': True, 'skip_reason': 'Conditional result was False', 'false_condition': 'item.value[1]|int >= 1000', 'item': {'key': 'lp', 'value': ['x', '4', '7', 'lp', '/var/spool/lpd', '/sbin/nologin']}, 'ansible_loop_var': 'item'}) 
skipping: [localhost] => (item={'changed': False, 'skipped': True, 'skip_reason': 'Conditional result was False', 'false_condition': 'item.value[1]|int >= 1000', 'item': {'key': 'sync', 'value': ['x', '5', '0', 'sync', '/sbin', '/bin/sync']}, 'ansible_loop_var': 'item'}) 
skipping: [localhost] => (item={'changed': False, 'skipped': True, 'skip_reason': 'Conditional result was False', 'false_condition': 'item.value[1]|int >= 1000', 'item': {'key': 'shutdown', 'value': ['x', '6', '0', 'shutdown', '/sbin', '/sbin/shutdown']}, 'ansible_loop_var': 'item'}) 
skipping: [localhost] => (item={'changed': False, 'skipped': True, 'skip_reason': 'Conditional result was False', 'false_condition': 'item.value[1]|int >= 1000', 'item': {'key': 'halt', 'value': ['x', '7', '0', 'halt', '/sbin', '/sbin/halt']}, 'ansible_loop_var': 'item'}) 
skipping: [localhost] => (item={'changed': False, 'skipped': True, 'skip_reason': 'Conditional result was False', 'false_condition': 'item.value[1]|int >= 1000', 'item': {'key': 'mail', 'value': ['x', '8', '12', 'mail', '/var/spool/mail', '/sbin/nologin']}, 'ansible_loop_var': 'item'}) 
skipping: [localhost] => (item={'changed': False, 'skipped': True, 'skip_reason': 'Conditional result was False', 'false_condition': 'item.value[1]|int >= 1000', 'item': {'key': 'operator', 'value': ['x', '11', '0', 'operator', '/root', '/sbin/nologin']}, 'ansible_loop_var': 'item'}) 
skipping: [localhost] => (item={'changed': False, 'skipped': True, 'skip_reason': 'Conditional result was False', 'false_condition': 'item.value[1]|int >= 1000', 'item': {'key': 'games', 'value': ['x', '12', '100', 'games', '/usr/games', '/sbin/nologin']}, 'ansible_loop_var': 'item'}) 
skipping: [localhost] => (item={'changed': False, 'skipped': True, 'skip_reason': 'Conditional result was False', 'false_condition': 'item.value[1]|int >= 1000', 'item': {'key': 'ftp', 'value': ['x', '14', '50', 'FTP User', '/var/ftp', '/sbin/nologin']}, 'ansible_loop_var': 'item'}) 
skipping: [localhost] => (item={'changed': False, 'skipped': True, 'skip_reason': 'Conditional result was False', 'false_condition': 'item.value[1]|int != 65534', 'item': {'key': 'nobody', 'value': ['x', '65534', '65534', 'Kernel Overflow User', '/', '/sbin/nologin']}, 'ansible_loop_var': 'item'}) 
skipping: [localhost] => (item={'changed': False, 'skipped': True, 'skip_reason': 'Conditional result was False', 'false_condition': 'item.value[1]|int >= 1000', 'item': {'key': 'dbus', 'value': ['x', '81', '81', 'System message bus', '/', '/sbin/nologin']}, 'ansible_loop_var': 'item'}) 
skipping: [localhost] => (item={'changed': False, 'skipped': True, 'skip_reason': 'Conditional result was False', 'false_condition': 'item.value[1]|int >= 1000', 'item': {'key': 'systemd-network', 'value': ['x', '192', '192', 'systemd Network Management', '/', '/usr/sbin/nologin']}, 'ansible_loop_var': 'item'}) 
skipping: [localhost] => (item={'changed': False, 'skipped': True, 'skip_reason': 'Conditional result was False', 'false_condition': 'item.value[1]|int >= 1000', 'item': {'key': 'systemd-oom', 'value': ['x', '999', '999', 'systemd Userspace OOM Killer', '/', '/usr/sbin/nologin']}, 'ansible_loop_var': 'item'}) 
skipping: [localhost] => (item={'changed': False, 'skipped': True, 'skip_reason': 'Conditional result was False', 'false_condition': 'item.value[1]|int >= 1000', 'item': {'key': 'systemd-resolve', 'value': ['x', '193', '193', 'systemd Resolver', '/', '/usr/sbin/nologin']}, 'ansible_loop_var': 'item'}) 
skipping: [localhost]

TASK [/stigforge/roles/al2023_cis : Get all users from getent to support remote users (LDAP, SSSD, etc.)] ***
ok: [localhost]

TASK [/stigforge/roles/al2023_cis : Create interactive_users variable filtering out non-interactive shells] ***
ok: [localhost]

TASK [/stigforge/roles/al2023_cis : Test for existence of home directories to avoid creating them, but only fixing group ownership] ***
skipping: [localhost] => (item={'key': 'root', 'value': ['x', '0', '0', 'root', '/root', '/bin/bash']}) 
skipping: [localhost] => (item={'key': 'sync', 'value': ['x', '5', '0', 'sync', '/sbin', '/bin/sync']}) 
skipping: [localhost] => (item={'key': 'shutdown', 'value': ['x', '6', '0', 'shutdown', '/sbin', '/sbin/shutdown']}) 
skipping: [localhost] => (item={'key': 'halt', 'value': ['x', '7', '0', 'halt', '/sbin', '/sbin/halt']}) 
skipping: [localhost]

TASK [/stigforge/roles/al2023_cis : Ensure interactive users are the group-owners of their respective home directories] ***
skipping: [localhost] => (item=[{'key': 'root', 'value': ['x', '0', '0', 'root', '/root', '/bin/bash']}, {'changed': False, 'skipped': True, 'skip_reason': 'Conditional result was False', 'false_condition': 'item.value[1]|int >= 1000', 'item': {'key': 'root', 'value': ['x', '0', '0', 'root', '/root', '/bin/bash']}, 'ansible_loop_var': 'item'}]) 
skipping: [localhost] => (item=[{'key': 'sync', 'value': ['x', '5', '0', 'sync', '/sbin', '/bin/sync']}, {'changed': False, 'skipped': True, 'skip_reason': 'Conditional result was False', 'false_condition': 'item.value[1]|int >= 1000', 'item': {'key': 'sync', 'value': ['x', '5', '0', 'sync', '/sbin', '/bin/sync']}, 'ansible_loop_var': 'item'}]) 
skipping: [localhost] => (item=[{'key': 'shutdown', 'value': ['x', '6', '0', 'shutdown', '/sbin', '/sbin/shutdown']}, {'changed': False, 'skipped': True, 'skip_reason': 'Conditional result was False', 'false_condition': 'item.value[1]|int >= 1000', 'item': {'key': 'shutdown', 'value': ['x', '6', '0', 'shutdown', '/sbin', '/sbin/shutdown']}, 'ansible_loop_var': 'item'}]) 
skipping: [localhost] => (item=[{'key': 'halt', 'value': ['x', '7', '0', 'halt', '/sbin', '/sbin/halt']}, {'changed': False, 'skipped': True, 'skip_reason': 'Conditional result was False', 'false_condition': 'item.value[1]|int >= 1000', 'item': {'key': 'halt', 'value': ['x', '7', '0', 'halt', '/sbin', '/sbin/halt']}, 'ansible_loop_var': 'item'}]) 
skipping: [localhost]

TASK [/stigforge/roles/al2023_cis : Get all local users from /etc/passwd] ******
ok: [localhost]

TASK [/stigforge/roles/al2023_cis : Create local_users variable from the getent output] ***
ok: [localhost]

TASK [/stigforge/roles/al2023_cis : Test for existence of home directories to avoid creating them, but only fixing ownership] ***
skipping: [localhost] => (item={'key': 'root', 'value': ['x', '0', '0', 'root', '/root', '/bin/bash']}) 
skipping: [localhost] => (item={'key': 'bin', 'value': ['x', '1', '1', 'bin', '/bin', '/sbin/nologin']}) 
skipping: [localhost] => (item={'key': 'daemon', 'value': ['x', '2', '2', 'daemon', '/sbin', '/sbin/nologin']}) 
skipping: [localhost] => (item={'key': 'adm', 'value': ['x', '3', '4', 'adm', '/var/adm', '/sbin/nologin']}) 
skipping: [localhost] => (item={'key': 'lp', 'value': ['x', '4', '7', 'lp', '/var/spool/lpd', '/sbin/nologin']}) 
skipping: [localhost] => (item={'key': 'sync', 'value': ['x', '5', '0', 'sync', '/sbin', '/bin/sync']}) 
skipping: [localhost] => (item={'key': 'shutdown', 'value': ['x', '6', '0', 'shutdown', '/sbin', '/sbin/shutdown']}) 
skipping: [localhost] => (item={'key': 'halt', 'value': ['x', '7', '0', 'halt', '/sbin', '/sbin/halt']}) 
skipping: [localhost] => (item={'key': 'mail', 'value': ['x', '8', '12', 'mail', '/var/spool/mail', '/sbin/nologin']}) 
skipping: [localhost] => (item={'key': 'operator', 'value': ['x', '11', '0', 'operator', '/root', '/sbin/nologin']}) 
skipping: [localhost] => (item={'key': 'games', 'value': ['x', '12', '100', 'games', '/usr/games', '/sbin/nologin']}) 
skipping: [localhost] => (item={'key': 'ftp', 'value': ['x', '14', '50', 'FTP User', '/var/ftp', '/sbin/nologin']}) 
skipping: [localhost] => (item={'key': 'nobody', 'value': ['x', '65534', '65534', 'Kernel Overflow User', '/', '/sbin/nologin']}) 
skipping: [localhost] => (item={'key': 'dbus', 'value': ['x', '81', '81', 'System message bus', '/', '/sbin/nologin']}) 
skipping: [localhost] => (item={'key': 'systemd-network', 'value': ['x', '192', '192', 'systemd Network Management', '/', '/usr/sbin/nologin']}) 
skipping: [localhost] => (item={'key': 'systemd-oom', 'value': ['x', '999', '999', 'systemd Userspace OOM Killer', '/', '/usr/sbin/nologin']}) 
skipping: [localhost] => (item={'key': 'systemd-resolve', 'value': ['x', '193', '193', 'systemd Resolver', '/', '/usr/sbin/nologin']}) 
skipping: [localhost]

TASK [/stigforge/roles/al2023_cis : Ensure interactive local users are the owners of their respective home directories] ***
skipping: [localhost] => (item=[{'key': 'root', 'value': ['x', '0', '0', 'root', '/root', '/bin/bash']}, {'changed': False, 'skipped': True, 'skip_reason': 'Conditional result was False', 'false_condition': 'item.value[1]|int >= 1000', 'item': {'key': 'root', 'value': ['x', '0', '0', 'root', '/root', '/bin/bash']}, 'ansible_loop_var': 'item'}]) 
skipping: [localhost] => (item=[{'key': 'bin', 'value': ['x', '1', '1', 'bin', '/bin', '/sbin/nologin']}, {'changed': False, 'skipped': True, 'skip_reason': 'Conditional result was False', 'false_condition': 'item.value[1]|int >= 1000', 'item': {'key': 'bin', 'value': ['x', '1', '1', 'bin', '/bin', '/sbin/nologin']}, 'ansible_loop_var': 'item'}]) 
skipping: [localhost] => (item=[{'key': 'daemon', 'value': ['x', '2', '2', 'daemon', '/sbin', '/sbin/nologin']}, {'changed': False, 'skipped': True, 'skip_reason': 'Conditional result was False', 'false_condition': 'item.value[1]|int >= 1000', 'item': {'key': 'daemon', 'value': ['x', '2', '2', 'daemon', '/sbin', '/sbin/nologin']}, 'ansible_loop_var': 'item'}]) 
skipping: [localhost] => (item=[{'key': 'adm', 'value': ['x', '3', '4', 'adm', '/var/adm', '/sbin/nologin']}, {'changed': False, 'skipped': True, 'skip_reason': 'Conditional result was False', 'false_condition': 'item.value[1]|int >= 1000', 'item': {'key': 'adm', 'value': ['x', '3', '4', 'adm', '/var/adm', '/sbin/nologin']}, 'ansible_loop_var': 'item'}]) 
skipping: [localhost] => (item=[{'key': 'lp', 'value': ['x', '4', '7', 'lp', '/var/spool/lpd', '/sbin/nologin']}, {'changed': False, 'skipped': True, 'skip_reason': 'Conditional result was False', 'false_condition': 'item.value[1]|int >= 1000', 'item': {'key': 'lp', 'value': ['x', '4', '7', 'lp', '/var/spool/lpd', '/sbin/nologin']}, 'ansible_loop_var': 'item'}]) 
skipping: [localhost] => (item=[{'key': 'sync', 'value': ['x', '5', '0', 'sync', '/sbin', '/bin/sync']}, {'changed': False, 'skipped': True, 'skip_reason': 'Conditional result was False', 'false_condition': 'item.value[1]|int >= 1000', 'item': {'key': 'sync', 'value': ['x', '5', '0', 'sync', '/sbin', '/bin/sync']}, 'ansible_loop_var': 'item'}]) 
skipping: [localhost] => (item=[{'key': 'shutdown', 'value': ['x', '6', '0', 'shutdown', '/sbin', '/sbin/shutdown']}, {'changed': False, 'skipped': True, 'skip_reason': 'Conditional result was False', 'false_condition': 'item.value[1]|int >= 1000', 'item': {'key': 'shutdown', 'value': ['x', '6', '0', 'shutdown', '/sbin', '/sbin/shutdown']}, 'ansible_loop_var': 'item'}]) 
skipping: [localhost] => (item=[{'key': 'halt', 'value': ['x', '7', '0', 'halt', '/sbin', '/sbin/halt']}, {'changed': False, 'skipped': True, 'skip_reason': 'Conditional result was False', 'false_condition': 'item.value[1]|int >= 1000', 'item': {'key': 'halt', 'value': ['x', '7', '0', 'halt', '/sbin', '/sbin/halt']}, 'ansible_loop_var': 'item'}]) 
skipping: [localhost] => (item=[{'key': 'mail', 'value': ['x', '8', '12', 'mail', '/var/spool/mail', '/sbin/nologin']}, {'changed': False, 'skipped': True, 'skip_reason': 'Conditional result was False', 'false_condition': 'item.value[1]|int >= 1000', 'item': {'key': 'mail', 'value': ['x', '8', '12', 'mail', '/var/spool/mail', '/sbin/nologin']}, 'ansible_loop_var': 'item'}]) 
skipping: [localhost] => (item=[{'key': 'operator', 'value': ['x', '11', '0', 'operator', '/root', '/sbin/nologin']}, {'changed': False, 'skipped': True, 'skip_reason': 'Conditional result was False', 'false_condition': 'item.value[1]|int >= 1000', 'item': {'key': 'operator', 'value': ['x', '11', '0', 'operator', '/root', '/sbin/nologin']}, 'ansible_loop_var': 'item'}]) 
skipping: [localhost] => (item=[{'key': 'games', 'value': ['x', '12', '100', 'games', '/usr/games', '/sbin/nologin']}, {'changed': False, 'skipped': True, 'skip_reason': 'Conditional result was False', 'false_condition': 'item.value[1]|int >= 1000', 'item': {'key': 'games', 'value': ['x', '12', '100', 'games', '/usr/games', '/sbin/nologin']}, 'ansible_loop_var': 'item'}]) 
skipping: [localhost] => (item=[{'key': 'ftp', 'value': ['x', '14', '50', 'FTP User', '/var/ftp', '/sbin/nologin']}, {'changed': False, 'skipped': True, 'skip_reason': 'Conditional result was False', 'false_condition': 'item.value[1]|int >= 1000', 'item': {'key': 'ftp', 'value': ['x', '14', '50', 'FTP User', '/var/ftp', '/sbin/nologin']}, 'ansible_loop_var': 'item'}]) 
skipping: [localhost] => (item=[{'key': 'nobody', 'value': ['x', '65534', '65534', 'Kernel Overflow User', '/', '/sbin/nologin']}, {'changed': False, 'skipped': True, 'skip_reason': 'Conditional result was False', 'false_condition': 'item.value[1]|int != 65534', 'item': {'key': 'nobody', 'value': ['x', '65534', '65534', 'Kernel Overflow User', '/', '/sbin/nologin']}, 'ansible_loop_var': 'item'}]) 
skipping: [localhost] => (item=[{'key': 'dbus', 'value': ['x', '81', '81', 'System message bus', '/', '/sbin/nologin']}, {'changed': False, 'skipped': True, 'skip_reason': 'Conditional result was False', 'false_condition': 'item.value[1]|int >= 1000', 'item': {'key': 'dbus', 'value': ['x', '81', '81', 'System message bus', '/', '/sbin/nologin']}, 'ansible_loop_var': 'item'}]) 
skipping: [localhost] => (item=[{'key': 'systemd-network', 'value': ['x', '192', '192', 'systemd Network Management', '/', '/usr/sbin/nologin']}, {'changed': False, 'skipped': True, 'skip_reason': 'Conditional result was False', 'false_condition': 'item.value[1]|int >= 1000', 'item': {'key': 'systemd-network', 'value': ['x', '192', '192', 'systemd Network Management', '/', '/usr/sbin/nologin']}, 'ansible_loop_var': 'item'}]) 
skipping: [localhost] => (item=[{'key': 'systemd-oom', 'value': ['x', '999', '999', 'systemd Userspace OOM Killer', '/', '/usr/sbin/nologin']}, {'changed': False, 'skipped': True, 'skip_reason': 'Conditional result was False', 'false_condition': 'item.value[1]|int >= 1000', 'item': {'key': 'systemd-oom', 'value': ['x', '999', '999', 'systemd Userspace OOM Killer', '/', '/usr/sbin/nologin']}, 'ansible_loop_var': 'item'}]) 
skipping: [localhost] => (item=[{'key': 'systemd-resolve', 'value': ['x', '193', '193', 'systemd Resolver', '/', '/usr/sbin/nologin']}, {'changed': False, 'skipped': True, 'skip_reason': 'Conditional result was False', 'false_condition': 'item.value[1]|int >= 1000', 'item': {'key': 'systemd-resolve', 'value': ['x', '193', '193', 'systemd Resolver', '/', '/usr/sbin/nologin']}, 'ansible_loop_var': 'item'}]) 
skipping: [localhost]

TASK [/stigforge/roles/al2023_cis : Ensure All User Initialization Files Have Mode 0740 Or Less Permissive - Gather User Info] ***
ok: [localhost]

TASK [/stigforge/roles/al2023_cis : Ensure All User Initialization Files Have Mode 0740 Or Less Permissive - Find Init Files] ***
skipping: [localhost] => (item={'key': 'root', 'value': ['x', '0', '0', 'root', '/root', '/bin/bash']}) 
skipping: [localhost] => (item={'key': 'bin', 'value': ['x', '1', '1', 'bin', '/bin', '/sbin/nologin']}) 
skipping: [localhost] => (item={'key': 'daemon', 'value': ['x', '2', '2', 'daemon', '/sbin', '/sbin/nologin']}) 
skipping: [localhost] => (item={'key': 'adm', 'value': ['x', '3', '4', 'adm', '/var/adm', '/sbin/nologin']}) 
skipping: [localhost] => (item={'key': 'lp', 'value': ['x', '4', '7', 'lp', '/var/spool/lpd', '/sbin/nologin']}) 
skipping: [localhost] => (item={'key': 'sync', 'value': ['x', '5', '0', 'sync', '/sbin', '/bin/sync']}) 
skipping: [localhost] => (item={'key': 'shutdown', 'value': ['x', '6', '0', 'shutdown', '/sbin', '/sbin/shutdown']}) 
skipping: [localhost] => (item={'key': 'halt', 'value': ['x', '7', '0', 'halt', '/sbin', '/sbin/halt']}) 
skipping: [localhost] => (item={'key': 'mail', 'value': ['x', '8', '12', 'mail', '/var/spool/mail', '/sbin/nologin']}) 
skipping: [localhost] => (item={'key': 'operator', 'value': ['x', '11', '0', 'operator', '/root', '/sbin/nologin']}) 
skipping: [localhost] => (item={'key': 'games', 'value': ['x', '12', '100', 'games', '/usr/games', '/sbin/nologin']}) 
skipping: [localhost] => (item={'key': 'ftp', 'value': ['x', '14', '50', 'FTP User', '/var/ftp', '/sbin/nologin']}) 
skipping: [localhost] => (item={'key': 'nobody', 'value': ['x', '65534', '65534', 'Kernel Overflow User', '/', '/sbin/nologin']}) 
skipping: [localhost] => (item={'key': 'dbus', 'value': ['x', '81', '81', 'System message bus', '/', '/sbin/nologin']}) 
skipping: [localhost] => (item={'key': 'systemd-network', 'value': ['x', '192', '192', 'systemd Network Management', '/', '/usr/sbin/nologin']}) 
skipping: [localhost] => (item={'key': 'systemd-oom', 'value': ['x', '999', '999', 'systemd Userspace OOM Killer', '/', '/usr/sbin/nologin']}) 
skipping: [localhost] => (item={'key': 'systemd-resolve', 'value': ['x', '193', '193', 'systemd Resolver', '/', '/usr/sbin/nologin']}) 
skipping: [localhost]

TASK [/stigforge/roles/al2023_cis : Ensure All User Initialization Files Have Mode 0740 Or Less Permissive - Fix Init Files Permissions] ***
skipping: [localhost]

TASK [/stigforge/roles/al2023_cis : Get all local users from /etc/passwd] ******
ok: [localhost]

TASK [/stigforge/roles/al2023_cis : Create local_users variable from the getent output] ***
ok: [localhost]

TASK [/stigforge/roles/al2023_cis : Test for existence home directories to avoid creating them.] ***
skipping: [localhost] => (item={'key': 'root', 'value': ['x', '0', '0', 'root', '/root', '/bin/bash']}) 
skipping: [localhost] => (item={'key': 'bin', 'value': ['x', '1', '1', 'bin', '/bin', '/sbin/nologin']}) 
skipping: [localhost] => (item={'key': 'daemon', 'value': ['x', '2', '2', 'daemon', '/sbin', '/sbin/nologin']}) 
skipping: [localhost] => (item={'key': 'adm', 'value': ['x', '3', '4', 'adm', '/var/adm', '/sbin/nologin']}) 
skipping: [localhost] => (item={'key': 'lp', 'value': ['x', '4', '7', 'lp', '/var/spool/lpd', '/sbin/nologin']}) 
skipping: [localhost] => (item={'key': 'sync', 'value': ['x', '5', '0', 'sync', '/sbin', '/bin/sync']}) 
skipping: [localhost] => (item={'key': 'shutdown', 'value': ['x', '6', '0', 'shutdown', '/sbin', '/sbin/shutdown']}) 
skipping: [localhost] => (item={'key': 'halt', 'value': ['x', '7', '0', 'halt', '/sbin', '/sbin/halt']}) 
skipping: [localhost] => (item={'key': 'mail', 'value': ['x', '8', '12', 'mail', '/var/spool/mail', '/sbin/nologin']}) 
skipping: [localhost] => (item={'key': 'operator', 'value': ['x', '11', '0', 'operator', '/root', '/sbin/nologin']}) 
skipping: [localhost] => (item={'key': 'games', 'value': ['x', '12', '100', 'games', '/usr/games', '/sbin/nologin']}) 
skipping: [localhost] => (item={'key': 'ftp', 'value': ['x', '14', '50', 'FTP User', '/var/ftp', '/sbin/nologin']}) 
skipping: [localhost] => (item={'key': 'nobody', 'value': ['x', '65534', '65534', 'Kernel Overflow User', '/', '/sbin/nologin']}) 
skipping: [localhost] => (item={'key': 'dbus', 'value': ['x', '81', '81', 'System message bus', '/', '/sbin/nologin']}) 
skipping: [localhost] => (item={'key': 'systemd-network', 'value': ['x', '192', '192', 'systemd Network Management', '/', '/usr/sbin/nologin']}) 
skipping: [localhost] => (item={'key': 'systemd-oom', 'value': ['x', '999', '999', 'systemd Userspace OOM Killer', '/', '/usr/sbin/nologin']}) 
skipping: [localhost] => (item={'key': 'systemd-resolve', 'value': ['x', '193', '193', 'systemd Resolver', '/', '/usr/sbin/nologin']}) 
skipping: [localhost]

TASK [/stigforge/roles/al2023_cis : Ensure interactive local users have proper permissions on their respective home directories] ***
skipping: [localhost] => (item=[{'key': 'root', 'value': ['x', '0', '0', 'root', '/root', '/bin/bash']}, {'changed': False, 'skipped': True, 'skip_reason': 'Conditional result was False', 'false_condition': 'item.value[1]|int >= 1000', 'item': {'key': 'root', 'value': ['x', '0', '0', 'root', '/root', '/bin/bash']}, 'ansible_loop_var': 'item'}]) 
skipping: [localhost] => (item=[{'key': 'bin', 'value': ['x', '1', '1', 'bin', '/bin', '/sbin/nologin']}, {'changed': False, 'skipped': True, 'skip_reason': 'Conditional result was False', 'false_condition': 'item.value[1]|int >= 1000', 'item': {'key': 'bin', 'value': ['x', '1', '1', 'bin', '/bin', '/sbin/nologin']}, 'ansible_loop_var': 'item'}]) 
skipping: [localhost] => (item=[{'key': 'daemon', 'value': ['x', '2', '2', 'daemon', '/sbin', '/sbin/nologin']}, {'changed': False, 'skipped': True, 'skip_reason': 'Conditional result was False', 'false_condition': 'item.value[1]|int >= 1000', 'item': {'key': 'daemon', 'value': ['x', '2', '2', 'daemon', '/sbin', '/sbin/nologin']}, 'ansible_loop_var': 'item'}]) 
skipping: [localhost] => (item=[{'key': 'adm', 'value': ['x', '3', '4', 'adm', '/var/adm', '/sbin/nologin']}, {'changed': False, 'skipped': True, 'skip_reason': 'Conditional result was False', 'false_condition': 'item.value[1]|int >= 1000', 'item': {'key': 'adm', 'value': ['x', '3', '4', 'adm', '/var/adm', '/sbin/nologin']}, 'ansible_loop_var': 'item'}]) 
skipping: [localhost] => (item=[{'key': 'lp', 'value': ['x', '4', '7', 'lp', '/var/spool/lpd', '/sbin/nologin']}, {'changed': False, 'skipped': True, 'skip_reason': 'Conditional result was False', 'false_condition': 'item.value[1]|int >= 1000', 'item': {'key': 'lp', 'value': ['x', '4', '7', 'lp', '/var/spool/lpd', '/sbin/nologin']}, 'ansible_loop_var': 'item'}]) 
skipping: [localhost] => (item=[{'key': 'sync', 'value': ['x', '5', '0', 'sync', '/sbin', '/bin/sync']}, {'changed': False, 'skipped': True, 'skip_reason': 'Conditional result was False', 'false_condition': 'item.value[1]|int >= 1000', 'item': {'key': 'sync', 'value': ['x', '5', '0', 'sync', '/sbin', '/bin/sync']}, 'ansible_loop_var': 'item'}]) 
skipping: [localhost] => (item=[{'key': 'shutdown', 'value': ['x', '6', '0', 'shutdown', '/sbin', '/sbin/shutdown']}, {'changed': False, 'skipped': True, 'skip_reason': 'Conditional result was False', 'false_condition': 'item.value[1]|int >= 1000', 'item': {'key': 'shutdown', 'value': ['x', '6', '0', 'shutdown', '/sbin', '/sbin/shutdown']}, 'ansible_loop_var': 'item'}]) 
skipping: [localhost] => (item=[{'key': 'halt', 'value': ['x', '7', '0', 'halt', '/sbin', '/sbin/halt']}, {'changed': False, 'skipped': True, 'skip_reason': 'Conditional result was False', 'false_condition': 'item.value[1]|int >= 1000', 'item': {'key': 'halt', 'value': ['x', '7', '0', 'halt', '/sbin', '/sbin/halt']}, 'ansible_loop_var': 'item'}]) 
skipping: [localhost] => (item=[{'key': 'mail', 'value': ['x', '8', '12', 'mail', '/var/spool/mail', '/sbin/nologin']}, {'changed': False, 'skipped': True, 'skip_reason': 'Conditional result was False', 'false_condition': 'item.value[1]|int >= 1000', 'item': {'key': 'mail', 'value': ['x', '8', '12', 'mail', '/var/spool/mail', '/sbin/nologin']}, 'ansible_loop_var': 'item'}]) 
skipping: [localhost] => (item=[{'key': 'operator', 'value': ['x', '11', '0', 'operator', '/root', '/sbin/nologin']}, {'changed': False, 'skipped': True, 'skip_reason': 'Conditional result was False', 'false_condition': 'item.value[1]|int >= 1000', 'item': {'key': 'operator', 'value': ['x', '11', '0', 'operator', '/root', '/sbin/nologin']}, 'ansible_loop_var': 'item'}]) 
skipping: [localhost] => (item=[{'key': 'games', 'value': ['x', '12', '100', 'games', '/usr/games', '/sbin/nologin']}, {'changed': False, 'skipped': True, 'skip_reason': 'Conditional result was False', 'false_condition': 'item.value[1]|int >= 1000', 'item': {'key': 'games', 'value': ['x', '12', '100', 'games', '/usr/games', '/sbin/nologin']}, 'ansible_loop_var': 'item'}]) 
skipping: [localhost] => (item=[{'key': 'ftp', 'value': ['x', '14', '50', 'FTP User', '/var/ftp', '/sbin/nologin']}, {'changed': False, 'skipped': True, 'skip_reason': 'Conditional result was False', 'false_condition': 'item.value[1]|int >= 1000', 'item': {'key': 'ftp', 'value': ['x', '14', '50', 'FTP User', '/var/ftp', '/sbin/nologin']}, 'ansible_loop_var': 'item'}]) 
skipping: [localhost] => (item=[{'key': 'nobody', 'value': ['x', '65534', '65534', 'Kernel Overflow User', '/', '/sbin/nologin']}, {'changed': False, 'skipped': True, 'skip_reason': 'Conditional result was False', 'false_condition': 'item.value[1]|int != 65534', 'item': {'key': 'nobody', 'value': ['x', '65534', '65534', 'Kernel Overflow User', '/', '/sbin/nologin']}, 'ansible_loop_var': 'item'}]) 
skipping: [localhost] => (item=[{'key': 'dbus', 'value': ['x', '81', '81', 'System message bus', '/', '/sbin/nologin']}, {'changed': False, 'skipped': True, 'skip_reason': 'Conditional result was False', 'false_condition': 'item.value[1]|int >= 1000', 'item': {'key': 'dbus', 'value': ['x', '81', '81', 'System message bus', '/', '/sbin/nologin']}, 'ansible_loop_var': 'item'}]) 
skipping: [localhost] => (item=[{'key': 'systemd-network', 'value': ['x', '192', '192', 'systemd Network Management', '/', '/usr/sbin/nologin']}, {'changed': False, 'skipped': True, 'skip_reason': 'Conditional result was False', 'false_condition': 'item.value[1]|int >= 1000', 'item': {'key': 'systemd-network', 'value': ['x', '192', '192', 'systemd Network Management', '/', '/usr/sbin/nologin']}, 'ansible_loop_var': 'item'}]) 
skipping: [localhost] => (item=[{'key': 'systemd-oom', 'value': ['x', '999', '999', 'systemd Userspace OOM Killer', '/', '/usr/sbin/nologin']}, {'changed': False, 'skipped': True, 'skip_reason': 'Conditional result was False', 'false_condition': 'item.value[1]|int >= 1000', 'item': {'key': 'systemd-oom', 'value': ['x', '999', '999', 'systemd Userspace OOM Killer', '/', '/usr/sbin/nologin']}, 'ansible_loop_var': 'item'}]) 
skipping: [localhost] => (item=[{'key': 'systemd-resolve', 'value': ['x', '193', '193', 'systemd Resolver', '/', '/usr/sbin/nologin']}, {'changed': False, 'skipped': True, 'skip_reason': 'Conditional result was False', 'false_condition': 'item.value[1]|int >= 1000', 'item': {'key': 'systemd-resolve', 'value': ['x', '193', '193', 'systemd Resolver', '/', '/usr/sbin/nologin']}, 'ansible_loop_var': 'item'}]) 
skipping: [localhost]

TASK [/stigforge/roles/al2023_cis : Get root paths which are not symbolic links] ***
ok: [localhost] => (item=/usr/local/sbin)
ok: [localhost] => (item=/usr/local/bin)
ok: [localhost] => (item=/usr/sbin)
ok: [localhost] => (item=/usr/bin)
ok: [localhost] => (item=/sbin)
ok: [localhost] => (item=/bin)

TASK [/stigforge/roles/al2023_cis : Disable writability to root directories] ***
ok: [localhost] => (item={'changed': False, 'stat': {'exists': True, 'path': '/usr/local/sbin', 'mode': '0755', 'isdir': True, 'ischr': False, 'isblk': False, 'isreg': False, 'isfifo': False, 'islnk': False, 'issock': False, 'uid': 0, 'gid': 0, 'size': 4096, 'inode': 17969695, 'dev': 93, 'nlink': 2, 'atime': 1787289640.1168592, 'mtime': 1675045861.0, 'ctime': 1787289640.100859, 'wusr': True, 'rusr': True, 'xusr': True, 'wgrp': False, 'rgrp': True, 'xgrp': True, 'woth': False, 'roth': True, 'xoth': True, 'isuid': False, 'isgid': False, 'blocks': 8, 'block_size': 4096, 'device_type': 0, 'readable': True, 'writeable': True, 'executable': True, 'pw_name': 'root', 'gr_name': 'root', 'mimetype': 'unknown', 'charset': 'unknown', 'version': None, 'attributes': [], 'attr_flags': ''}, 'invocation': {'module_args': {'path': '/usr/local/sbin', 'follow': False, 'get_checksum': True, 'get_mime': True, 'get_attributes': True, 'checksum_algorithm': 'sha1'}}, 'failed': False, 'failed_when_result': False, 'item': '/usr/local/sbin', 'ansible_loop_var': 'item'})
ok: [localhost] => (item={'changed': False, 'stat': {'exists': True, 'path': '/usr/local/bin', 'mode': '0755', 'isdir': True, 'ischr': False, 'isblk': False, 'isreg': False, 'isfifo': False, 'islnk': False, 'issock': False, 'uid': 0, 'gid': 0, 'size': 4096, 'inode': 21246610, 'dev': 93, 'nlink': 1, 'atime': 1789221433.2610064, 'mtime': 1789221433.1715178, 'ctime': 1789221433.1715178, 'wusr': True, 'rusr': True, 'xusr': True, 'wgrp': False, 'rgrp': True, 'xgrp': True, 'woth': False, 'roth': True, 'xoth': True, 'isuid': False, 'isgid': False, 'blocks': 16, 'block_size': 4096, 'device_type': 0, 'readable': True, 'writeable': True, 'executable': True, 'pw_name': 'root', 'gr_name': 'root', 'mimetype': 'unknown', 'charset': 'unknown', 'version': None, 'attributes': [], 'attr_flags': ''}, 'invocation': {'module_args': {'path': '/usr/local/bin', 'follow': False, 'get_checksum': True, 'get_mime': True, 'get_attributes': True, 'checksum_algorithm': 'sha1'}}, 'failed': False, 'failed_when_result': False, 'item': '/usr/local/bin', 'ansible_loop_var': 'item'})
ok: [localhost] => (item={'changed': False, 'stat': {'exists': True, 'path': '/usr/sbin', 'mode': '0555', 'isdir': True, 'ischr': False, 'isblk': False, 'isreg': False, 'isfifo': False, 'islnk': False, 'issock': False, 'uid': 0, 'gid': 0, 'size': 4096, 'inode': 18094100, 'dev': 93, 'nlink': 1, 'atime': 1787289674.2653933, 'mtime': 1787289657.0, 'ctime': 1787289674.2363927, 'wusr': False, 'rusr': True, 'xusr': True, 'wgrp': False, 'rgrp': True, 'xgrp': True, 'woth': False, 'roth': True, 'xoth': True, 'isuid': False, 'isgid': False, 'blocks': 8, 'block_size': 4096, 'device_type': 0, 'readable': True, 'writeable': True, 'executable': True, 'pw_name': 'root', 'gr_name': 'root', 'mimetype': 'unknown', 'charset': 'unknown', 'version': None, 'attributes': [], 'attr_flags': ''}, 'invocation': {'module_args': {'path': '/usr/sbin', 'follow': False, 'get_checksum': True, 'get_mime': True, 'get_attributes': True, 'checksum_algorithm': 'sha1'}}, 'failed': False, 'failed_when_result': False, 'item': '/usr/sbin', 'ansible_loop_var': 'item'})
ok: [localhost] => (item={'changed': False, 'stat': {'exists': True, 'path': '/usr/bin', 'mode': '0555', 'isdir': True, 'ischr': False, 'isblk': False, 'isreg': False, 'isfifo': False, 'islnk': False, 'issock': False, 'uid': 0, 'gid': 0, 'size': 4096, 'inode': 17965413, 'dev': 93, 'nlink': 1, 'atime': 1787289674.2413929, 'mtime': 1787289658.0, 'ctime': 1787289674.2239237, 'wusr': False, 'rusr': True, 'xusr': True, 'wgrp': False, 'rgrp': True, 'xgrp': True, 'woth': False, 'roth': True, 'xoth': True, 'isuid': False, 'isgid': False, 'blocks': 8, 'block_size': 4096, 'device_type': 0, 'readable': True, 'writeable': True, 'executable': True, 'pw_name': 'root', 'gr_name': 'root', 'mimetype': 'unknown', 'charset': 'unknown', 'version': None, 'attributes': [], 'attr_flags': ''}, 'invocation': {'module_args': {'path': '/usr/bin', 'follow': False, 'get_checksum': True, 'get_mime': True, 'get_attributes': True, 'checksum_algorithm': 'sha1'}}, 'failed': False, 'failed_when_result': False, 'item': '/usr/bin', 'ansible_loop_var': 'item'})
skipping: [localhost] => (item={'changed': False, 'stat': {'exists': True, 'path': '/sbin', 'mode': '0777', 'isdir': False, 'ischr': False, 'isblk': False, 'isreg': False, 'isfifo': False, 'islnk': True, 'issock': False, 'uid': 0, 'gid': 0, 'size': 8, 'inode': 17966143, 'dev': 93, 'nlink': 1, 'atime': 1675045861.0, 'mtime': 1675045861.0, 'ctime': 1787289639.3460333, 'wusr': True, 'rusr': True, 'xusr': True, 'wgrp': True, 'rgrp': True, 'xgrp': True, 'woth': True, 'roth': True, 'xoth': True, 'isuid': False, 'isgid': False, 'blocks': 0, 'block_size': 4096, 'device_type': 0, 'readable': True, 'writeable': True, 'executable': True, 'lnk_source': '/usr/sbin', 'lnk_target': 'usr/sbin', 'pw_name': 'root', 'gr_name': 'root', 'mimetype': 'unknown', 'charset': 'unknown', 'version': None, 'attributes': [], 'attr_flags': ''}, 'invocation': {'module_args': {'path': '/sbin', 'follow': False, 'get_checksum': True, 'get_mime': True, 'get_attributes': True, 'checksum_algorithm': 'sha1'}}, 'failed': False, 'failed_when_result': False, 'item': '/sbin', 'ansible_loop_var': 'item'}) 
skipping: [localhost] => (item={'changed': False, 'stat': {'exists': True, 'path': '/bin', 'mode': '0777', 'isdir': False, 'ischr': False, 'isblk': False, 'isreg': False, 'isfifo': False, 'islnk': True, 'issock': False, 'uid': 0, 'gid': 0, 'size': 7, 'inode': 17965447, 'dev': 93, 'nlink': 1, 'atime': 1675045861.0, 'mtime': 1675045861.0, 'ctime': 1787289639.3086395, 'wusr': True, 'rusr': True, 'xusr': True, 'wgrp': True, 'rgrp': True, 'xgrp': True, 'woth': True, 'roth': True, 'xoth': True, 'isuid': False, 'isgid': False, 'blocks': 0, 'block_size': 4096, 'device_type': 0, 'readable': True, 'writeable': True, 'executable': True, 'lnk_source': '/usr/bin', 'lnk_target': 'usr/bin', 'pw_name': 'root', 'gr_name': 'root', 'mimetype': 'unknown', 'charset': 'unknown', 'version': None, 'attributes': [], 'attr_flags': ''}, 'invocation': {'module_args': {'path': '/bin', 'follow': False, 'get_checksum': True, 'get_mime': True, 'get_attributes': True, 'checksum_algorithm': 'sha1'}}, 'failed': False, 'failed_when_result': False, 'item': '/bin', 'ansible_loop_var': 'item'}) 

TASK [/stigforge/roles/al2023_cis : Check if umask in /etc/bashrc is already set] ***
ok: [localhost]

TASK [/stigforge/roles/al2023_cis : Replace user umask in /etc/bashrc] *********
changed: [localhost]

TASK [/stigforge/roles/al2023_cis : Ensure the Default umask is Appended Correctly] ***
skipping: [localhost]

TASK [/stigforge/roles/al2023_cis : Set default umask] *************************
skipping: [localhost]

TASK [/stigforge/roles/al2023_cis : Replace user UMASK in /etc/login.defs] *****
skipping: [localhost]

TASK [/stigforge/roles/al2023_cis : Ensure the Default UMASK is Appended Correctly] ***
skipping: [localhost]

TASK [/stigforge/roles/al2023_cis : Ensure the Default Umask is Set Correctly in /etc/profile - Locate Profile Configuration Files Where umask Is Defined] ***
ok: [localhost]

TASK [/stigforge/roles/al2023_cis : Ensure the Default Umask is Set Correctly in /etc/profile - Replace Existing umask Value in Files From /etc/profile.d] ***
skipping: [localhost]

TASK [/stigforge/roles/al2023_cis : Ensure the Default Umask is Set Correctly in /etc/profile - Ensure umask Is Set in /etc/profile if Not Already Set Elsewhere] ***
changed: [localhost]

TASK [/stigforge/roles/al2023_cis : Ensure the Default Umask is Set Correctly in /etc/profile - Ensure umask Value For All Existing umask Definition in /etc/profile] ***
ok: [localhost]

TASK [/stigforge/roles/al2023_cis : Set the file_groupowner_grub2_cfg_newgroup variable if represented by gid] ***
skipping: [localhost]

TASK [/stigforge/roles/al2023_cis : Test for existence /boot/grub2/grub.cfg] ***
skipping: [localhost]

TASK [/stigforge/roles/al2023_cis : Ensure group owner on /boot/grub2/grub.cfg] ***
skipping: [localhost]

TASK [/stigforge/roles/al2023_cis : Set the file_groupowner_user_cfg_newgroup variable if represented by gid] ***
skipping: [localhost]

TASK [/stigforge/roles/al2023_cis : Test for existence /boot/grub2/user.cfg] ***
skipping: [localhost]

TASK [/stigforge/roles/al2023_cis : Ensure group owner on /boot/grub2/user.cfg] ***
skipping: [localhost]

TASK [/stigforge/roles/al2023_cis : Set the file_owner_grub2_cfg_newown variable if represented by uid] ***
skipping: [localhost]

TASK [/stigforge/roles/al2023_cis : Test for existence /boot/grub2/grub.cfg] ***
skipping: [localhost]

TASK [/stigforge/roles/al2023_cis : Ensure owner on /boot/grub2/grub.cfg] ******
skipping: [localhost]

TASK [/stigforge/roles/al2023_cis : Set the file_owner_user_cfg_newown variable if represented by uid] ***
skipping: [localhost]

TASK [/stigforge/roles/al2023_cis : Test for existence /boot/grub2/user.cfg] ***
skipping: [localhost]

TASK [/stigforge/roles/al2023_cis : Ensure owner on /boot/grub2/user.cfg] ******
skipping: [localhost]

TASK [/stigforge/roles/al2023_cis : Test for existence /boot/grub2/grub.cfg] ***
skipping: [localhost]

TASK [/stigforge/roles/al2023_cis : Ensure permission u-xs,g-xwrs,o-xwrt on /boot/grub2/grub.cfg] ***
skipping: [localhost]

TASK [/stigforge/roles/al2023_cis : Test for existence /boot/grub2/user.cfg] ***
skipping: [localhost]

TASK [/stigforge/roles/al2023_cis : Ensure permission u-xs,g-xwrs,o-xwrt on /boot/grub2/user.cfg] ***
skipping: [localhost]

TASK [/stigforge/roles/al2023_cis : Ensure rsyslog Default File Permissions Configured - Search for $FileCreateMode Parameter in rsyslog Main Config File] ***
skipping: [localhost]

TASK [/stigforge/roles/al2023_cis : Ensure rsyslog Default File Permissions Configured - Search for $FileCreateMode Parameter in rsyslog Include Files] ***
skipping: [localhost]

TASK [/stigforge/roles/al2023_cis : Ensure rsyslog Default File Permissions Configured - Assemble List of rsyslog Configuration Files with $FileCreateMode Parameter] ***
skipping: [localhost]

TASK [/stigforge/roles/al2023_cis : Ensure rsyslog Default File Permissions Configured - Remove $FileCreateMode Parameter from Multiple Files to Avoid Conflicts] ***
skipping: [localhost]

TASK [/stigforge/roles/al2023_cis : Ensure rsyslog Default File Permissions Configured - Add $FileCreateMode Parameter and Expected Value] ***
skipping: [localhost]

TASK [/stigforge/roles/al2023_cis : Ensure rsyslog Default File Permissions Configured - Ensure Correct Value of Existing $FileCreateMode Parameter] ***
skipping: [localhost]

TASK [/stigforge/roles/al2023_cis : Ensure rsyslog Default File Permissions Configured - Restart rsyslog to Apply New $FileCreateMode Setting] ***
skipping: [localhost]

TASK [/stigforge/roles/al2023_cis : Ensure Log Files Are Owned By Appropriate Group - Set rsyslog logfile configuration facts] ***
skipping: [localhost]

TASK [/stigforge/roles/al2023_cis : Ensure Log Files Are Owned By Appropriate Group - Get IncludeConfig directive] ***
skipping: [localhost]

TASK [/stigforge/roles/al2023_cis : Ensure Log Files Are Owned By Appropriate Group - Get include files directives] ***
skipping: [localhost]

TASK [/stigforge/roles/al2023_cis : Ensure Log Files Are Owned By Appropriate Group - Aggregate rsyslog includes] ***
skipping: [localhost]

TASK [/stigforge/roles/al2023_cis : Ensure Log Files Are Owned By Appropriate Group - List all config files] ***
skipping: [localhost]

TASK [/stigforge/roles/al2023_cis : Ensure Log Files Are Owned By Appropriate Group - Extract log files old format] ***
skipping: [localhost]

TASK [/stigforge/roles/al2023_cis : Ensure Log Files Are Owned By Appropriate Group - Extract log files new format] ***
skipping: [localhost]

TASK [/stigforge/roles/al2023_cis : Ensure Log Files Are Owned By Appropriate Group - Sum all log files found] ***
skipping: [localhost]

TASK [/stigforge/roles/al2023_cis : Ensure Log Files Are Owned By Appropriate Group -Setup log files attribute] ***
skipping: [localhost]

TASK [/stigforge/roles/al2023_cis : Ensure Log Files Are Owned By Appropriate User - Set rsyslog logfile configuration facts] ***
skipping: [localhost]

TASK [/stigforge/roles/al2023_cis : Ensure Log Files Are Owned By Appropriate User - Get IncludeConfig directive] ***
skipping: [localhost]

TASK [/stigforge/roles/al2023_cis : Ensure Log Files Are Owned By Appropriate User - Get include files directives] ***
skipping: [localhost]

TASK [/stigforge/roles/al2023_cis : Ensure Log Files Are Owned By Appropriate User - Aggregate rsyslog includes] ***
skipping: [localhost]

TASK [/stigforge/roles/al2023_cis : Ensure Log Files Are Owned By Appropriate User - List all config files] ***
skipping: [localhost]

TASK [/stigforge/roles/al2023_cis : Ensure Log Files Are Owned By Appropriate User - Extract log files old format] ***
skipping: [localhost]

TASK [/stigforge/roles/al2023_cis : Ensure Log Files Are Owned By Appropriate User - Extract log files new format] ***
skipping: [localhost]

TASK [/stigforge/roles/al2023_cis : Ensure Log Files Are Owned By Appropriate User - Sum all log files found] ***
skipping: [localhost]

TASK [/stigforge/roles/al2023_cis : Ensure Log Files Are Owned By Appropriate User -Setup log files attribute] ***
skipping: [localhost]

TASK [/stigforge/roles/al2023_cis : Ensure System Log Files Have Correct Permissions - Set rsyslog logfile configuration facts] ***
skipping: [localhost]

TASK [/stigforge/roles/al2023_cis : Ensure System Log Files Have Correct Permissions - Get IncludeConfig directive] ***
skipping: [localhost]

TASK [/stigforge/roles/al2023_cis : Ensure System Log Files Have Correct Permissions - Get include files directives] ***
skipping: [localhost]

TASK [/stigforge/roles/al2023_cis : Ensure System Log Files Have Correct Permissions - Aggregate rsyslog includes] ***
skipping: [localhost]

TASK [/stigforge/roles/al2023_cis : Ensure System Log Files Have Correct Permissions - List all config files] ***
skipping: [localhost]

TASK [/stigforge/roles/al2023_cis : Ensure System Log Files Have Correct Permissions - Extract log files old format] ***
skipping: [localhost]

TASK [/stigforge/roles/al2023_cis : Ensure System Log Files Have Correct Permissions - Extract log files new format] ***
skipping: [localhost]

TASK [/stigforge/roles/al2023_cis : Ensure System Log Files Have Correct Permissions - Sum all log files found] ***
skipping: [localhost]

TASK [/stigforge/roles/al2023_cis : Ensure System Log Files Have Correct Permissions -Setup log files attribute] ***
skipping: [localhost]

TASK [/stigforge/roles/al2023_cis : Check for duplicate values] ****************
skipping: [localhost]

TASK [/stigforge/roles/al2023_cis : Deduplicate values from /etc/systemd/journald.conf] ***
skipping: [localhost]

TASK [/stigforge/roles/al2023_cis : Insert correct line to /etc/systemd/journald.conf] ***
skipping: [localhost]

TASK [/stigforge/roles/al2023_cis : Check for duplicate values] ****************
skipping: [localhost]

TASK [/stigforge/roles/al2023_cis : Deduplicate values from /etc/systemd/journald.conf] ***
skipping: [localhost]

TASK [/stigforge/roles/al2023_cis : Insert correct line to /etc/systemd/journald.conf] ***
skipping: [localhost]

TASK [/stigforge/roles/al2023_cis : Check for duplicate values] ****************
skipping: [localhost]

TASK [/stigforge/roles/al2023_cis : Deduplicate values from /etc/systemd/journald.conf] ***
skipping: [localhost]

TASK [/stigforge/roles/al2023_cis : Insert correct line to /etc/systemd/journald.conf] ***
skipping: [localhost]

TASK [/stigforge/roles/al2023_cis : Disable systemd-journal-remote Socket - Collect systemd Socket Units Present in the System] ***
skipping: [localhost]

TASK [/stigforge/roles/al2023_cis : Disable systemd-journal-remote Socket - Ensure systemd-journal-remote.socket is Masked] ***
skipping: [localhost]

TASK [/stigforge/roles/al2023_cis : Ensure rsyslog Does Not Accept Remote Messages Unless Acting As Log Server - Define Rsyslog Config Lines Regex in Legacy Syntax] ***
skipping: [localhost]

TASK [/stigforge/roles/al2023_cis : Ensure rsyslog Does Not Accept Remote Messages Unless Acting As Log Server - Search for Legacy Config Lines in Rsyslog Main Config File] ***
skipping: [localhost]

TASK [/stigforge/roles/al2023_cis : Ensure rsyslog Does Not Accept Remote Messages Unless Acting As Log Server - Search for Legacy Config Lines in Rsyslog Include Files] ***
skipping: [localhost]

TASK [/stigforge/roles/al2023_cis : Ensure rsyslog Does Not Accept Remote Messages Unless Acting As Log Server - Assemble List of Config Files With Listen Lines in Legacy Syntax] ***
skipping: [localhost]

TASK [/stigforge/roles/al2023_cis : Ensure rsyslog Does Not Accept Remote Messages Unless Acting As Log Server - Comment Listen Config Lines Wherever Defined Using Legacy Syntax] ***
skipping: [localhost]

TASK [/stigforge/roles/al2023_cis : Ensure rsyslog Does Not Accept Remote Messages Unless Acting As Log Server - Define Rsyslog Config Lines Regex in RainerScript Syntax] ***
skipping: [localhost]

TASK [/stigforge/roles/al2023_cis : Ensure rsyslog Does Not Accept Remote Messages Unless Acting As Log Server - Search for RainerScript Config Lines in Rsyslog Main Config File] ***
skipping: [localhost]

TASK [/stigforge/roles/al2023_cis : Ensure rsyslog Does Not Accept Remote Messages Unless Acting As Log Server - Search for RainerScript Config Lines in Rsyslog Include Files] ***
skipping: [localhost]

TASK [/stigforge/roles/al2023_cis : Ensure rsyslog Does Not Accept Remote Messages Unless Acting As Log Server - Assemble List of Config Files With Listen Lines in RainerScript] ***
skipping: [localhost]

TASK [/stigforge/roles/al2023_cis : Ensure rsyslog Does Not Accept Remote Messages Unless Acting As Log Server - Comment Listen Config Lines Wherever Defined Using RainerScript] ***
skipping: [localhost]

TASK [/stigforge/roles/al2023_cis : Ensure rsyslog Does Not Accept Remote Messages Unless Acting As Log Server - Restart Rsyslog if Any Line Were Commented Out] ***
skipping: [localhost]

TASK [/stigforge/roles/al2023_cis : Configure Accepting Router Advertisements on All IPv6 Interfaces - Set fact for sysctl paths] ***
skipping: [localhost]

TASK [/stigforge/roles/al2023_cis : Configure Accepting Router Advertisements on All IPv6 Interfaces - Find all files that contain net.ipv6.conf.all.accept_ra] ***
skipping: [localhost]

TASK [/stigforge/roles/al2023_cis : Configure Accepting Router Advertisements on All IPv6 Interfaces - Find all files that set net.ipv6.conf.all.accept_ra to correct value] ***
skipping: [localhost]

TASK [/stigforge/roles/al2023_cis : Configure Accepting Router Advertisements on All IPv6 Interfaces - Comment out any occurrences of net.ipv6.conf.all.accept_ra from config files] ***
skipping: [localhost]

TASK [/stigforge/roles/al2023_cis : Configure Accepting Router Advertisements on All IPv6 Interfaces - Ensure sysctl net.ipv6.conf.all.accept_ra is set] ***
skipping: [localhost]

TASK [/stigforge/roles/al2023_cis : Disable Accepting ICMP Redirects for All IPv6 Interfaces - Set fact for sysctl paths] ***
skipping: [localhost]

TASK [/stigforge/roles/al2023_cis : Disable Accepting ICMP Redirects for All IPv6 Interfaces - Find all files that contain net.ipv6.conf.all.accept_redirects] ***
skipping: [localhost]

TASK [/stigforge/roles/al2023_cis : Disable Accepting ICMP Redirects for All IPv6 Interfaces - Find all files that set net.ipv6.conf.all.accept_redirects to correct value] ***
skipping: [localhost]

TASK [/stigforge/roles/al2023_cis : Disable Accepting ICMP Redirects for All IPv6 Interfaces - Comment out any occurrences of net.ipv6.conf.all.accept_redirects from config files] ***
skipping: [localhost]

TASK [/stigforge/roles/al2023_cis : Disable Accepting ICMP Redirects for All IPv6 Interfaces - Ensure sysctl net.ipv6.conf.all.accept_redirects is set] ***
skipping: [localhost]

TASK [/stigforge/roles/al2023_cis : Disable Kernel Parameter for Accepting Source-Routed Packets on all IPv6 Interfaces - Set fact for sysctl paths] ***
skipping: [localhost]

TASK [/stigforge/roles/al2023_cis : Disable Kernel Parameter for Accepting Source-Routed Packets on all IPv6 Interfaces - Find all files that contain net.ipv6.conf.all.accept_source_route] ***
skipping: [localhost]

TASK [/stigforge/roles/al2023_cis : Disable Kernel Parameter for Accepting Source-Routed Packets on all IPv6 Interfaces - Find all files that set net.ipv6.conf.all.accept_source_route to correct value] ***
skipping: [localhost]

TASK [/stigforge/roles/al2023_cis : Disable Kernel Parameter for Accepting Source-Routed Packets on all IPv6 Interfaces - Comment out any occurrences of net.ipv6.conf.all.accept_source_route from config files] ***
skipping: [localhost]

TASK [/stigforge/roles/al2023_cis : Disable Kernel Parameter for Accepting Source-Routed Packets on all IPv6 Interfaces - Ensure sysctl net.ipv6.conf.all.accept_source_route is set] ***
skipping: [localhost]

TASK [/stigforge/roles/al2023_cis : Disable Kernel Parameter for IPv6 Forwarding - Set fact for sysctl paths] ***
skipping: [localhost]

TASK [/stigforge/roles/al2023_cis : Disable Kernel Parameter for IPv6 Forwarding - Find all files that contain net.ipv6.conf.all.forwarding] ***
skipping: [localhost]

TASK [/stigforge/roles/al2023_cis : Disable Kernel Parameter for IPv6 Forwarding - Find all files that set net.ipv6.conf.all.forwarding to correct value] ***
skipping: [localhost]

TASK [/stigforge/roles/al2023_cis : Disable Kernel Parameter for IPv6 Forwarding - Comment out any occurrences of net.ipv6.conf.all.forwarding from config files] ***
skipping: [localhost]

TASK [/stigforge/roles/al2023_cis : Disable Kernel Parameter for IPv6 Forwarding - Ensure sysctl net.ipv6.conf.all.forwarding is set] ***
skipping: [localhost]

TASK [/stigforge/roles/al2023_cis : Disable Accepting Router Advertisements on all IPv6 Interfaces by Default - Set fact for sysctl paths] ***
skipping: [localhost]

TASK [/stigforge/roles/al2023_cis : Disable Accepting Router Advertisements on all IPv6 Interfaces by Default - Find all files that contain net.ipv6.conf.default.accept_ra] ***
skipping: [localhost]

TASK [/stigforge/roles/al2023_cis : Disable Accepting Router Advertisements on all IPv6 Interfaces by Default - Find all files that set net.ipv6.conf.default.accept_ra to correct value] ***
skipping: [localhost]

TASK [/stigforge/roles/al2023_cis : Disable Accepting Router Advertisements on all IPv6 Interfaces by Default - Comment out any occurrences of net.ipv6.conf.default.accept_ra from config files] ***
skipping: [localhost]

TASK [/stigforge/roles/al2023_cis : Disable Accepting Router Advertisements on all IPv6 Interfaces by Default - Ensure sysctl net.ipv6.conf.default.accept_ra is set] ***
skipping: [localhost]

TASK [/stigforge/roles/al2023_cis : Disable Kernel Parameter for Accepting ICMP Redirects by Default on IPv6 Interfaces - Set fact for sysctl paths] ***
skipping: [localhost]

TASK [/stigforge/roles/al2023_cis : Disable Kernel Parameter for Accepting ICMP Redirects by Default on IPv6 Interfaces - Find all files that contain net.ipv6.conf.default.accept_redirects] ***
skipping: [localhost]

TASK [/stigforge/roles/al2023_cis : Disable Kernel Parameter for Accepting ICMP Redirects by Default on IPv6 Interfaces - Find all files that set net.ipv6.conf.default.accept_redirects to correct value] ***
skipping: [localhost]

TASK [/stigforge/roles/al2023_cis : Disable Kernel Parameter for Accepting ICMP Redirects by Default on IPv6 Interfaces - Comment out any occurrences of net.ipv6.conf.default.accept_redirects from config files] ***
skipping: [localhost]

TASK [/stigforge/roles/al2023_cis : Disable Kernel Parameter for Accepting ICMP Redirects by Default on IPv6 Interfaces - Ensure sysctl net.ipv6.conf.default.accept_redirects is set] ***
skipping: [localhost]

TASK [/stigforge/roles/al2023_cis : Disable Kernel Parameter for Accepting Source-Routed Packets on IPv6 Interfaces by Default - Set fact for sysctl paths] ***
skipping: [localhost]

TASK [/stigforge/roles/al2023_cis : Disable Kernel Parameter for Accepting Source-Routed Packets on IPv6 Interfaces by Default - Find all files that contain net.ipv6.conf.default.accept_source_route] ***
skipping: [localhost]

TASK [/stigforge/roles/al2023_cis : Disable Kernel Parameter for Accepting Source-Routed Packets on IPv6 Interfaces by Default - Find all files that set net.ipv6.conf.default.accept_source_route to correct value] ***
skipping: [localhost]

TASK [/stigforge/roles/al2023_cis : Disable Kernel Parameter for Accepting Source-Routed Packets on IPv6 Interfaces by Default - Comment out any occurrences of net.ipv6.conf.default.accept_source_route from config files] ***
skipping: [localhost]

TASK [/stigforge/roles/al2023_cis : Disable Kernel Parameter for Accepting Source-Routed Packets on IPv6 Interfaces by Default - Ensure sysctl net.ipv6.conf.default.accept_source_route is set] ***
skipping: [localhost]

TASK [/stigforge/roles/al2023_cis : Disable Accepting ICMP Redirects for All IPv4 Interfaces - Set fact for sysctl paths] ***
skipping: [localhost]

TASK [/stigforge/roles/al2023_cis : Disable Accepting ICMP Redirects for All IPv4 Interfaces - Find all files that contain net.ipv4.conf.all.accept_redirects] ***
skipping: [localhost]

TASK [/stigforge/roles/al2023_cis : Disable Accepting ICMP Redirects for All IPv4 Interfaces - Find all files that set net.ipv4.conf.all.accept_redirects to correct value] ***
skipping: [localhost]

TASK [/stigforge/roles/al2023_cis : Disable Accepting ICMP Redirects for All IPv4 Interfaces - Comment out any occurrences of net.ipv4.conf.all.accept_redirects from config files] ***
skipping: [localhost]

TASK [/stigforge/roles/al2023_cis : Disable Accepting ICMP Redirects for All IPv4 Interfaces - Ensure sysctl net.ipv4.conf.all.accept_redirects is set] ***
skipping: [localhost]

TASK [/stigforge/roles/al2023_cis : Disable Kernel Parameter for Accepting Source-Routed Packets on all IPv4 Interfaces - Set fact for sysctl paths] ***
skipping: [localhost]

TASK [/stigforge/roles/al2023_cis : Disable Kernel Parameter for Accepting Source-Routed Packets on all IPv4 Interfaces - Find all files that contain net.ipv4.conf.all.accept_source_route] ***
skipping: [localhost]

TASK [/stigforge/roles/al2023_cis : Disable Kernel Parameter for Accepting Source-Routed Packets on all IPv4 Interfaces - Find all files that set net.ipv4.conf.all.accept_source_route to correct value] ***
skipping: [localhost]

TASK [/stigforge/roles/al2023_cis : Disable Kernel Parameter for Accepting Source-Routed Packets on all IPv4 Interfaces - Comment out any occurrences of net.ipv4.conf.all.accept_source_route from config files] ***
skipping: [localhost]

TASK [/stigforge/roles/al2023_cis : Disable Kernel Parameter for Accepting Source-Routed Packets on all IPv4 Interfaces - Ensure sysctl net.ipv4.conf.all.accept_source_route is set] ***
skipping: [localhost]

TASK [/stigforge/roles/al2023_cis : Enable Kernel Parameter to Log Martian Packets on all IPv4 Interfaces - Set fact for sysctl paths] ***
skipping: [localhost]

TASK [/stigforge/roles/al2023_cis : Enable Kernel Parameter to Log Martian Packets on all IPv4 Interfaces - Find all files that contain net.ipv4.conf.all.log_martians] ***
skipping: [localhost]

TASK [/stigforge/roles/al2023_cis : Enable Kernel Parameter to Log Martian Packets on all IPv4 Interfaces - Find all files that set net.ipv4.conf.all.log_martians to correct value] ***
skipping: [localhost]

TASK [/stigforge/roles/al2023_cis : Enable Kernel Parameter to Log Martian Packets on all IPv4 Interfaces - Comment out any occurrences of net.ipv4.conf.all.log_martians from config files] ***
skipping: [localhost]

TASK [/stigforge/roles/al2023_cis : Enable Kernel Parameter to Log Martian Packets on all IPv4 Interfaces - Ensure sysctl net.ipv4.conf.all.log_martians is set] ***
skipping: [localhost]

TASK [/stigforge/roles/al2023_cis : Enable Kernel Parameter to Use Reverse Path Filtering on all IPv4 Interfaces - Set fact for sysctl paths] ***
skipping: [localhost]

TASK [/stigforge/roles/al2023_cis : Enable Kernel Parameter to Use Reverse Path Filtering on all IPv4 Interfaces - Find all files that contain net.ipv4.conf.all.rp_filter] ***
skipping: [localhost]

TASK [/stigforge/roles/al2023_cis : Enable Kernel Parameter to Use Reverse Path Filtering on all IPv4 Interfaces - Find all files that set net.ipv4.conf.all.rp_filter to correct value] ***
skipping: [localhost]

TASK [/stigforge/roles/al2023_cis : Enable Kernel Parameter to Use Reverse Path Filtering on all IPv4 Interfaces - Comment out any occurrences of net.ipv4.conf.all.rp_filter from config files] ***
skipping: [localhost]

TASK [/stigforge/roles/al2023_cis : Enable Kernel Parameter to Use Reverse Path Filtering on all IPv4 Interfaces - Ensure sysctl net.ipv4.conf.all.rp_filter is set] ***
skipping: [localhost]

TASK [/stigforge/roles/al2023_cis : Disable Kernel Parameter for Accepting Secure ICMP Redirects on all IPv4 Interfaces - Set fact for sysctl paths] ***
skipping: [localhost]

TASK [/stigforge/roles/al2023_cis : Disable Kernel Parameter for Accepting Secure ICMP Redirects on all IPv4 Interfaces - Find all files that contain net.ipv4.conf.all.secure_redirects] ***
skipping: [localhost]

TASK [/stigforge/roles/al2023_cis : Disable Kernel Parameter for Accepting Secure ICMP Redirects on all IPv4 Interfaces - Find all files that set net.ipv4.conf.all.secure_redirects to correct value] ***
skipping: [localhost]

TASK [/stigforge/roles/al2023_cis : Disable Kernel Parameter for Accepting Secure ICMP Redirects on all IPv4 Interfaces - Comment out any occurrences of net.ipv4.conf.all.secure_redirects from config files] ***
skipping: [localhost]

TASK [/stigforge/roles/al2023_cis : Disable Kernel Parameter for Accepting Secure ICMP Redirects on all IPv4 Interfaces - Ensure sysctl net.ipv4.conf.all.secure_redirects is set] ***
skipping: [localhost]

TASK [/stigforge/roles/al2023_cis : Disable Kernel Parameter for Accepting ICMP Redirects by Default on IPv4 Interfaces - Set fact for sysctl paths] ***
skipping: [localhost]

TASK [/stigforge/roles/al2023_cis : Disable Kernel Parameter for Accepting ICMP Redirects by Default on IPv4 Interfaces - Find all files that contain net.ipv4.conf.default.accept_redirects] ***
skipping: [localhost]

TASK [/stigforge/roles/al2023_cis : Disable Kernel Parameter for Accepting ICMP Redirects by Default on IPv4 Interfaces - Find all files that set net.ipv4.conf.default.accept_redirects to correct value] ***
skipping: [localhost]

TASK [/stigforge/roles/al2023_cis : Disable Kernel Parameter for Accepting ICMP Redirects by Default on IPv4 Interfaces - Comment out any occurrences of net.ipv4.conf.default.accept_redirects from config files] ***
skipping: [localhost]

TASK [/stigforge/roles/al2023_cis : Disable Kernel Parameter for Accepting ICMP Redirects by Default on IPv4 Interfaces - Ensure sysctl net.ipv4.conf.default.accept_redirects is set] ***
skipping: [localhost]

TASK [/stigforge/roles/al2023_cis : Disable Kernel Parameter for Accepting Source-Routed Packets on IPv4 Interfaces by Default - Set fact for sysctl paths] ***
skipping: [localhost]

TASK [/stigforge/roles/al2023_cis : Disable Kernel Parameter for Accepting Source-Routed Packets on IPv4 Interfaces by Default - Find all files that contain net.ipv4.conf.default.accept_source_route] ***
skipping: [localhost]

TASK [/stigforge/roles/al2023_cis : Disable Kernel Parameter for Accepting Source-Routed Packets on IPv4 Interfaces by Default - Find all files that set net.ipv4.conf.default.accept_source_route to correct value] ***
skipping: [localhost]

TASK [/stigforge/roles/al2023_cis : Disable Kernel Parameter for Accepting Source-Routed Packets on IPv4 Interfaces by Default - Comment out any occurrences of net.ipv4.conf.default.accept_source_route from config files] ***
skipping: [localhost]

TASK [/stigforge/roles/al2023_cis : Disable Kernel Parameter for Accepting Source-Routed Packets on IPv4 Interfaces by Default - Ensure sysctl net.ipv4.conf.default.accept_source_route is set] ***
skipping: [localhost]

TASK [/stigforge/roles/al2023_cis : Enable Kernel Parameter to Log Martian Packets on all IPv4 Interfaces by Default - Set fact for sysctl paths] ***
skipping: [localhost]

TASK [/stigforge/roles/al2023_cis : Enable Kernel Parameter to Log Martian Packets on all IPv4 Interfaces by Default - Find all files that contain net.ipv4.conf.default.log_martians] ***
skipping: [localhost]

TASK [/stigforge/roles/al2023_cis : Enable Kernel Parameter to Log Martian Packets on all IPv4 Interfaces by Default - Find all files that set net.ipv4.conf.default.log_martians to correct value] ***
skipping: [localhost]

TASK [/stigforge/roles/al2023_cis : Enable Kernel Parameter to Log Martian Packets on all IPv4 Interfaces by Default - Comment out any occurrences of net.ipv4.conf.default.log_martians from config files] ***
skipping: [localhost]

TASK [/stigforge/roles/al2023_cis : Enable Kernel Parameter to Log Martian Packets on all IPv4 Interfaces by Default - Ensure sysctl net.ipv4.conf.default.log_martians is set] ***
skipping: [localhost]

TASK [/stigforge/roles/al2023_cis : Enable Kernel Parameter to Use Reverse Path Filtering on all IPv4 Interfaces by Default - Set fact for sysctl paths] ***
skipping: [localhost]

TASK [/stigforge/roles/al2023_cis : Enable Kernel Parameter to Use Reverse Path Filtering on all IPv4 Interfaces by Default - Find all files that contain net.ipv4.conf.default.rp_filter] ***
skipping: [localhost]

TASK [/stigforge/roles/al2023_cis : Enable Kernel Parameter to Use Reverse Path Filtering on all IPv4 Interfaces by Default - Find all files that set net.ipv4.conf.default.rp_filter to correct value] ***
skipping: [localhost]

TASK [/stigforge/roles/al2023_cis : Enable Kernel Parameter to Use Reverse Path Filtering on all IPv4 Interfaces by Default - Comment out any occurrences of net.ipv4.conf.default.rp_filter from config files] ***
skipping: [localhost]

TASK [/stigforge/roles/al2023_cis : Enable Kernel Parameter to Use Reverse Path Filtering on all IPv4 Interfaces by Default - Ensure sysctl net.ipv4.conf.default.rp_filter is set] ***
skipping: [localhost]

TASK [/stigforge/roles/al2023_cis : Configure Kernel Parameter for Accepting Secure Redirects By Default - Set fact for sysctl paths] ***
skipping: [localhost]

TASK [/stigforge/roles/al2023_cis : Configure Kernel Parameter for Accepting Secure Redirects By Default - Find all files that contain net.ipv4.conf.default.secure_redirects] ***
skipping: [localhost]

TASK [/stigforge/roles/al2023_cis : Configure Kernel Parameter for Accepting Secure Redirects By Default - Find all files that set net.ipv4.conf.default.secure_redirects to correct value] ***
skipping: [localhost]

TASK [/stigforge/roles/al2023_cis : Configure Kernel Parameter for Accepting Secure Redirects By Default - Comment out any occurrences of net.ipv4.conf.default.secure_redirects from config files] ***
skipping: [localhost]

TASK [/stigforge/roles/al2023_cis : Configure Kernel Parameter for Accepting Secure Redirects By Default - Ensure sysctl net.ipv4.conf.default.secure_redirects is set] ***
skipping: [localhost]

TASK [/stigforge/roles/al2023_cis : Enable Kernel Parameter to Ignore ICMP Broadcast Echo Requests on IPv4 Interfaces - Set fact for sysctl paths] ***
skipping: [localhost]

TASK [/stigforge/roles/al2023_cis : Enable Kernel Parameter to Ignore ICMP Broadcast Echo Requests on IPv4 Interfaces - Find all files that contain net.ipv4.icmp_echo_ignore_broadcasts] ***
skipping: [localhost]

TASK [/stigforge/roles/al2023_cis : Enable Kernel Parameter to Ignore ICMP Broadcast Echo Requests on IPv4 Interfaces - Find all files that set net.ipv4.icmp_echo_ignore_broadcasts to correct value] ***
skipping: [localhost]

TASK [/stigforge/roles/al2023_cis : Enable Kernel Parameter to Ignore ICMP Broadcast Echo Requests on IPv4 Interfaces - Comment out any occurrences of net.ipv4.icmp_echo_ignore_broadcasts from config files] ***
skipping: [localhost]

TASK [/stigforge/roles/al2023_cis : Enable Kernel Parameter to Ignore ICMP Broadcast Echo Requests on IPv4 Interfaces - Ensure sysctl net.ipv4.icmp_echo_ignore_broadcasts is set] ***
skipping: [localhost]

TASK [/stigforge/roles/al2023_cis : Enable Kernel Parameter to Ignore Bogus ICMP Error Responses on IPv4 Interfaces - Set fact for sysctl paths] ***
skipping: [localhost]

TASK [/stigforge/roles/al2023_cis : Enable Kernel Parameter to Ignore Bogus ICMP Error Responses on IPv4 Interfaces - Find all files that contain net.ipv4.icmp_ignore_bogus_error_responses] ***
skipping: [localhost]

TASK [/stigforge/roles/al2023_cis : Enable Kernel Parameter to Ignore Bogus ICMP Error Responses on IPv4 Interfaces - Find all files that set net.ipv4.icmp_ignore_bogus_error_responses to correct value] ***
skipping: [localhost]

TASK [/stigforge/roles/al2023_cis : Enable Kernel Parameter to Ignore Bogus ICMP Error Responses on IPv4 Interfaces - Comment out any occurrences of net.ipv4.icmp_ignore_bogus_error_responses from config files] ***
skipping: [localhost]

TASK [/stigforge/roles/al2023_cis : Enable Kernel Parameter to Ignore Bogus ICMP Error Responses on IPv4 Interfaces - Ensure sysctl net.ipv4.icmp_ignore_bogus_error_responses is set] ***
skipping: [localhost]

TASK [/stigforge/roles/al2023_cis : Enable Kernel Parameter to Use TCP Syncookies on Network Interfaces - Set fact for sysctl paths] ***
skipping: [localhost]

TASK [/stigforge/roles/al2023_cis : Enable Kernel Parameter to Use TCP Syncookies on Network Interfaces - Find all files that contain net.ipv4.tcp_syncookies] ***
skipping: [localhost]

TASK [/stigforge/roles/al2023_cis : Enable Kernel Parameter to Use TCP Syncookies on Network Interfaces - Find all files that set net.ipv4.tcp_syncookies to correct value] ***
skipping: [localhost]

TASK [/stigforge/roles/al2023_cis : Enable Kernel Parameter to Use TCP Syncookies on Network Interfaces - Comment out any occurrences of net.ipv4.tcp_syncookies from config files] ***
skipping: [localhost]

TASK [/stigforge/roles/al2023_cis : Enable Kernel Parameter to Use TCP Syncookies on Network Interfaces - Ensure sysctl net.ipv4.tcp_syncookies is set] ***
skipping: [localhost]

TASK [/stigforge/roles/al2023_cis : Disable Kernel Parameter for Sending ICMP Redirects on all IPv4 Interfaces - Set fact for sysctl paths] ***
skipping: [localhost]

TASK [/stigforge/roles/al2023_cis : Disable Kernel Parameter for Sending ICMP Redirects on all IPv4 Interfaces - Find all files that contain net.ipv4.conf.all.send_redirects] ***
skipping: [localhost]

TASK [/stigforge/roles/al2023_cis : Disable Kernel Parameter for Sending ICMP Redirects on all IPv4 Interfaces - Find all files that set net.ipv4.conf.all.send_redirects to correct value] ***
skipping: [localhost]

TASK [/stigforge/roles/al2023_cis : Disable Kernel Parameter for Sending ICMP Redirects on all IPv4 Interfaces - Comment out any occurrences of net.ipv4.conf.all.send_redirects from config files] ***
skipping: [localhost]

TASK [/stigforge/roles/al2023_cis : Disable Kernel Parameter for Sending ICMP Redirects on all IPv4 Interfaces - Ensure sysctl net.ipv4.conf.all.send_redirects is set to 0] ***
skipping: [localhost]

TASK [/stigforge/roles/al2023_cis : Disable Kernel Parameter for Sending ICMP Redirects on all IPv4 Interfaces by Default - Set fact for sysctl paths] ***
skipping: [localhost]

TASK [/stigforge/roles/al2023_cis : Disable Kernel Parameter for Sending ICMP Redirects on all IPv4 Interfaces by Default - Find all files that contain net.ipv4.conf.default.send_redirects] ***
skipping: [localhost]

TASK [/stigforge/roles/al2023_cis : Disable Kernel Parameter for Sending ICMP Redirects on all IPv4 Interfaces by Default - Find all files that set net.ipv4.conf.default.send_redirects to correct value] ***
skipping: [localhost]

TASK [/stigforge/roles/al2023_cis : Disable Kernel Parameter for Sending ICMP Redirects on all IPv4 Interfaces by Default - Comment out any occurrences of net.ipv4.conf.default.send_redirects from config files] ***
skipping: [localhost]

TASK [/stigforge/roles/al2023_cis : Disable Kernel Parameter for Sending ICMP Redirects on all IPv4 Interfaces by Default - Ensure sysctl net.ipv4.conf.default.send_redirects is set to 0] ***
skipping: [localhost]

TASK [/stigforge/roles/al2023_cis : Disable Kernel Parameter for IP Forwarding on IPv4 Interfaces - Set fact for sysctl paths] ***
skipping: [localhost]

TASK [/stigforge/roles/al2023_cis : Disable Kernel Parameter for IP Forwarding on IPv4 Interfaces - Find all files that contain net.ipv4.ip_forward] ***
skipping: [localhost]

TASK [/stigforge/roles/al2023_cis : Disable Kernel Parameter for IP Forwarding on IPv4 Interfaces - Find all files that set net.ipv4.ip_forward to correct value] ***
skipping: [localhost]

TASK [/stigforge/roles/al2023_cis : Disable Kernel Parameter for IP Forwarding on IPv4 Interfaces - Comment out any occurrences of net.ipv4.ip_forward from config files] ***
skipping: [localhost]

TASK [/stigforge/roles/al2023_cis : Disable Kernel Parameter for IP Forwarding on IPv4 Interfaces - Ensure sysctl net.ipv4.ip_forward is set to 0] ***
skipping: [localhost]

TASK [/stigforge/roles/al2023_cis : Verify that All World-Writable Directories Have Sticky Bits Set - Define Excluded (Non-Local) File Systems and Paths] ***
ok: [localhost]

TASK [/stigforge/roles/al2023_cis : Verify that All World-Writable Directories Have Sticky Bits Set - Find Relevant Root Directories Ignoring Pre-Defined Excluded Paths] ***
ok: [localhost]

TASK [/stigforge/roles/al2023_cis : Verify that All World-Writable Directories Have Sticky Bits Set - Include Relevant Root Directories in a List of Paths to be Searched] ***
ok: [localhost] => (item={'path': '/opt', 'mode': '0755', 'isdir': True, 'ischr': False, 'isblk': False, 'isreg': False, 'isfifo': False, 'islnk': False, 'issock': False, 'uid': 0, 'gid': 0, 'size': 4096, 'inode': 17966135, 'dev': 93, 'nlink': 2, 'atime': 1787289640.1078591, 'mtime': 1675045861.0, 'ctime': 1787289640.098183, 'gr_name': 'root', 'pw_name': 'root', 'wusr': True, 'rusr': True, 'xusr': True, 'wgrp': False, 'rgrp': True, 'xgrp': True, 'woth': False, 'roth': True, 'xoth': True, 'isuid': False, 'isgid': False})
ok: [localhost] => (item={'path': '/boot', 'mode': '0555', 'isdir': True, 'ischr': False, 'isblk': False, 'isreg': False, 'isfifo': False, 'islnk': False, 'issock': False, 'uid': 0, 'gid': 0, 'size': 4096, 'inode': 17965449, 'dev': 93, 'nlink': 2, 'atime': 1787289640.105859, 'mtime': 1675045861.0, 'ctime': 1787289640.098183, 'gr_name': 'root', 'pw_name': 'root', 'wusr': False, 'rusr': True, 'xusr': True, 'wgrp': False, 'rgrp': True, 'xgrp': True, 'woth': False, 'roth': True, 'xoth': True, 'isuid': False, 'isgid': False})
ok: [localhost] => (item={'path': '/usr', 'mode': '0755', 'isdir': True, 'ischr': False, 'isblk': False, 'isreg': False, 'isfifo': False, 'islnk': False, 'issock': False, 'uid': 0, 'gid': 0, 'size': 4096, 'inode': 21246608, 'dev': 93, 'nlink': 1, 'atime': 1789221430.113775, 'mtime': 1786504032.0, 'ctime': 1789221433.1518116, 'gr_name': 'root', 'pw_name': 'root', 'wusr': True, 'rusr': True, 'xusr': True, 'wgrp': False, 'rgrp': True, 'xgrp': True, 'woth': False, 'roth': True, 'xoth': True, 'isuid': False, 'isgid': False})
ok: [localhost] => (item={'path': '/tmp', 'mode': '1777', 'isdir': True, 'ischr': False, 'isblk': False, 'isreg': False, 'isfifo': False, 'islnk': False, 'issock': False, 'uid': 0, 'gid': 0, 'size': 4096, 'inode': 17966146, 'dev': 93, 'nlink': 1, 'atime': 1789221479.777695, 'mtime': 1789221479.7756948, 'ctime': 1789221479.7756948, 'gr_name': 'root', 'pw_name': 'root', 'wusr': True, 'rusr': True, 'xusr': True, 'wgrp': True, 'rgrp': True, 'xgrp': True, 'woth': True, 'roth': True, 'xoth': True, 'isuid': False, 'isgid': False})
ok: [localhost] => (item={'path': '/root', 'mode': '0550', 'isdir': True, 'ischr': False, 'isblk': False, 'isreg': False, 'isfifo': False, 'islnk': False, 'issock': False, 'uid': 0, 'gid': 0, 'size': 4096, 'inode': 21246576, 'dev': 93, 'nlink': 1, 'atime': 1789221430.1134613, 'mtime': 1789221433.3530076, 'ctime': 1789221433.3530076, 'gr_name': 'root', 'pw_name': 'root', 'wusr': False, 'rusr': True, 'xusr': True, 'wgrp': False, 'rgrp': True, 'xgrp': True, 'woth': False, 'roth': False, 'xoth': False, 'isuid': False, 'isgid': False})
ok: [localhost] => (item={'path': '/home', 'mode': '0755', 'isdir': True, 'ischr': False, 'isblk': False, 'isreg': False, 'isfifo': False, 'islnk': False, 'issock': False, 'uid': 0, 'gid': 0, 'size': 4096, 'inode': 17966129, 'dev': 93, 'nlink': 2, 'atime': 1787289640.1078591, 'mtime': 1675045861.0, 'ctime': 1787289640.098183, 'gr_name': 'root', 'pw_name': 'root', 'wusr': True, 'rusr': True, 'xusr': True, 'wgrp': False, 'rgrp': True, 'xgrp': True, 'woth': False, 'roth': True, 'xoth': True, 'isuid': False, 'isgid': False})
ok: [localhost] => (item={'path': '/mnt', 'mode': '0755', 'isdir': True, 'ischr': False, 'isblk': False, 'isreg': False, 'isfifo': False, 'islnk': False, 'issock': False, 'uid': 0, 'gid': 0, 'size': 4096, 'inode': 17966134, 'dev': 93, 'nlink': 2, 'atime': 1787289640.1078591, 'mtime': 1675045861.0, 'ctime': 1787289640.098183, 'gr_name': 'root', 'pw_name': 'root', 'wusr': True, 'rusr': True, 'xusr': True, 'wgrp': False, 'rgrp': True, 'xgrp': True, 'woth': False, 'roth': True, 'xoth': True, 'isuid': False, 'isgid': False})
ok: [localhost] => (item={'path': '/var', 'mode': '0755', 'isdir': True, 'ischr': False, 'isblk': False, 'isreg': False, 'isfifo': False, 'islnk': False, 'issock': False, 'uid': 0, 'gid': 0, 'size': 4096, 'inode': 18097708, 'dev': 93, 'nlink': 1, 'atime': 1787289674.2743933, 'mtime': 1786504035.0, 'ctime': 1789221436.3977554, 'gr_name': 'root', 'pw_name': 'root', 'wusr': True, 'rusr': True, 'xusr': True, 'wgrp': False, 'rgrp': True, 'xgrp': True, 'woth': False, 'roth': True, 'xoth': True, 'isuid': False, 'isgid': False})
ok: [localhost] => (item={'path': '/local', 'mode': '0755', 'isdir': True, 'ischr': False, 'isblk': False, 'isreg': False, 'isfifo': False, 'islnk': False, 'issock': False, 'uid': 0, 'gid': 0, 'size': 4096, 'inode': 17966132, 'dev': 93, 'nlink': 2, 'atime': 1787289640.1078591, 'mtime': 1786503973.0, 'ctime': 1787289640.098183, 'gr_name': 'root', 'pw_name': 'root', 'wusr': True, 'rusr': True, 'xusr': True, 'wgrp': False, 'rgrp': True, 'xgrp': True, 'woth': False, 'roth': True, 'xoth': True, 'isuid': False, 'isgid': False})
ok: [localhost] => (item={'path': '/srv', 'mode': '0755', 'isdir': True, 'ischr': False, 'isblk': False, 'isreg': False, 'isfifo': False, 'islnk': False, 'issock': False, 'uid': 0, 'gid': 0, 'size': 4096, 'inode': 17966144, 'dev': 93, 'nlink': 2, 'atime': 1787289640.1078591, 'mtime': 1675045861.0, 'ctime': 1787289640.098183, 'gr_name': 'root', 'pw_name': 'root', 'wusr': True, 'rusr': True, 'xusr': True, 'wgrp': False, 'rgrp': True, 'xgrp': True, 'woth': False, 'roth': True, 'xoth': True, 'isuid': False, 'isgid': False})
ok: [localhost] => (item={'path': '/etc', 'mode': '0755', 'isdir': True, 'ischr': False, 'isblk': False, 'isreg': False, 'isfifo': False, 'islnk': False, 'issock': False, 'uid': 0, 'gid': 0, 'size': 4096, 'inode': 21246634, 'dev': 93, 'nlink': 1, 'atime': 1789221431.2609766, 'mtime': 1789221475.9158957, 'ctime': 1789221475.9158957, 'gr_name': 'root', 'pw_name': 'root', 'wusr': True, 'rusr': True, 'xusr': True, 'wgrp': False, 'rgrp': True, 'xgrp': True, 'woth': False, 'roth': True, 'xoth': True, 'isuid': False, 'isgid': False})
ok: [localhost] => (item={'path': '/media', 'mode': '0755', 'isdir': True, 'ischr': False, 'isblk': False, 'isreg': False, 'isfifo': False, 'islnk': False, 'issock': False, 'uid': 0, 'gid': 0, 'size': 4096, 'inode': 17966133, 'dev': 93, 'nlink': 2, 'atime': 1787289640.1078591, 'mtime': 1675045861.0, 'ctime': 1787289640.098183, 'gr_name': 'root', 'pw_name': 'root', 'wusr': True, 'rusr': True, 'xusr': True, 'wgrp': False, 'rgrp': True, 'xgrp': True, 'woth': False, 'roth': True, 'xoth': True, 'isuid': False, 'isgid': False})
ok: [localhost] => (item={'path': '/stigforge', 'mode': '0755', 'isdir': True, 'ischr': False, 'isblk': False, 'isreg': False, 'isfifo': False, 'islnk': False, 'issock': False, 'uid': 0, 'gid': 0, 'size': 4096, 'inode': 21246600, 'dev': 93, 'nlink': 1, 'atime': 1789221431.4489794, 'mtime': 1789221431.3576384, 'ctime': 1789221432.8309999, 'gr_name': 'root', 'pw_name': 'root', 'wusr': True, 'rusr': True, 'xusr': True, 'wgrp': False, 'rgrp': True, 'xgrp': True, 'woth': False, 'roth': True, 'xoth': True, 'isuid': False, 'isgid': False})

TASK [/stigforge/roles/al2023_cis : Verify that All World-Writable Directories Have Sticky Bits Set - Increment Search Paths List with Local Partitions Mount Points] ***
ok: [localhost] => (item={'mount': '/stigforge/policy', 'device': '/dev/nvme0n1p2', 'fstype': 'ext4', 'options': 'ro,relatime,bind', 'dump': 0, 'passno': 0, 'size_total': 1005867986944, 'size_available': 483452944384, 'block_size': 4096, 'block_total': 245573239, 'block_available': 118030504, 'block_used': 127542735, 'inode_total': 62447616, 'inode_available': 59646782, 'inode_used': 2800834, 'uuid': 'N/A'})
ok: [localhost] => (item={'mount': '/stigforge/generator', 'device': '/dev/nvme0n1p2', 'fstype': 'ext4', 'options': 'ro,relatime,bind', 'dump': 0, 'passno': 0, 'size_total': 1005867986944, 'size_available': 483452944384, 'block_size': 4096, 'block_total': 245573239, 'block_available': 118030504, 'block_used': 127542735, 'inode_total': 62447616, 'inode_available': 59646782, 'inode_used': 2800834, 'uuid': 'N/A'})
ok: [localhost] => (item={'mount': '/stigforge/pyproject.toml', 'device': '/dev/nvme0n1p2', 'fstype': 'ext4', 'options': 'ro,relatime,bind', 'dump': 0, 'passno': 0, 'size_total': 1005867986944, 'size_available': 483452944384, 'block_size': 4096, 'block_total': 245573239, 'block_available': 118030504, 'block_used': 127542735, 'inode_total': 62447616, 'inode_available': 59646782, 'inode_used': 2800834, 'uuid': 'N/A'})
ok: [localhost] => (item={'mount': '/stigforge/artifacts', 'device': '/dev/nvme0n1p2', 'fstype': 'ext4', 'options': 'rw,relatime,bind', 'dump': 0, 'passno': 0, 'size_total': 1005867986944, 'size_available': 483452944384, 'block_size': 4096, 'block_total': 245573239, 'block_available': 118030504, 'block_used': 127542735, 'inode_total': 62447616, 'inode_available': 59646782, 'inode_used': 2800834, 'uuid': 'N/A'})
ok: [localhost] => (item={'mount': '/stigforge/roles', 'device': '/dev/nvme0n1p2', 'fstype': 'ext4', 'options': 'ro,relatime,bind', 'dump': 0, 'passno': 0, 'size_total': 1005867986944, 'size_available': 483452944384, 'block_size': 4096, 'block_total': 245573239, 'block_available': 118030504, 'block_used': 127542735, 'inode_total': 62447616, 'inode_available': 59646782, 'inode_used': 2800834, 'uuid': 'N/A'})
ok: [localhost] => (item={'mount': '/etc/resolv.conf', 'device': '/dev/nvme0n1p2', 'fstype': 'ext4', 'options': 'rw,relatime,bind', 'dump': 0, 'passno': 0, 'size_total': 1005867986944, 'size_available': 483452944384, 'block_size': 4096, 'block_total': 245573239, 'block_available': 118030504, 'block_used': 127542735, 'inode_total': 62447616, 'inode_available': 59646782, 'inode_used': 2800834, 'uuid': 'N/A'})
ok: [localhost] => (item={'mount': '/etc/hostname', 'device': '/dev/nvme0n1p2', 'fstype': 'ext4', 'options': 'rw,relatime,bind', 'dump': 0, 'passno': 0, 'size_total': 1005867986944, 'size_available': 483452944384, 'block_size': 4096, 'block_total': 245573239, 'block_available': 118030504, 'block_used': 127542735, 'inode_total': 62447616, 'inode_available': 59646782, 'inode_used': 2800834, 'uuid': 'N/A'})
ok: [localhost] => (item={'mount': '/etc/hosts', 'device': '/dev/nvme0n1p2', 'fstype': 'ext4', 'options': 'rw,relatime,bind', 'dump': 0, 'passno': 0, 'size_total': 1005867986944, 'size_available': 483452944384, 'block_size': 4096, 'block_total': 245573239, 'block_available': 118030504, 'block_used': 127542735, 'inode_total': 62447616, 'inode_available': 59646782, 'inode_used': 2800834, 'uuid': 'N/A'})

TASK [/stigforge/roles/al2023_cis : Verify that All World-Writable Directories Have Sticky Bits Set - Increment Search Paths List with Local NFS File System Targets] ***
skipping: [localhost] => (item={'mount': '/stigforge/policy', 'device': '/dev/nvme0n1p2', 'fstype': 'ext4', 'options': 'ro,relatime,bind', 'dump': 0, 'passno': 0, 'size_total': 1005867986944, 'size_available': 483452944384, 'block_size': 4096, 'block_total': 245573239, 'block_available': 118030504, 'block_used': 127542735, 'inode_total': 62447616, 'inode_available': 59646782, 'inode_used': 2800834, 'uuid': 'N/A'}) 
skipping: [localhost] => (item={'mount': '/stigforge/generator', 'device': '/dev/nvme0n1p2', 'fstype': 'ext4', 'options': 'ro,relatime,bind', 'dump': 0, 'passno': 0, 'size_total': 1005867986944, 'size_available': 483452944384, 'block_size': 4096, 'block_total': 245573239, 'block_available': 118030504, 'block_used': 127542735, 'inode_total': 62447616, 'inode_available': 59646782, 'inode_used': 2800834, 'uuid': 'N/A'}) 
skipping: [localhost] => (item={'mount': '/stigforge/pyproject.toml', 'device': '/dev/nvme0n1p2', 'fstype': 'ext4', 'options': 'ro,relatime,bind', 'dump': 0, 'passno': 0, 'size_total': 1005867986944, 'size_available': 483452944384, 'block_size': 4096, 'block_total': 245573239, 'block_available': 118030504, 'block_used': 127542735, 'inode_total': 62447616, 'inode_available': 59646782, 'inode_used': 2800834, 'uuid': 'N/A'}) 
skipping: [localhost] => (item={'mount': '/stigforge/artifacts', 'device': '/dev/nvme0n1p2', 'fstype': 'ext4', 'options': 'rw,relatime,bind', 'dump': 0, 'passno': 0, 'size_total': 1005867986944, 'size_available': 483452944384, 'block_size': 4096, 'block_total': 245573239, 'block_available': 118030504, 'block_used': 127542735, 'inode_total': 62447616, 'inode_available': 59646782, 'inode_used': 2800834, 'uuid': 'N/A'}) 
skipping: [localhost] => (item={'mount': '/stigforge/roles', 'device': '/dev/nvme0n1p2', 'fstype': 'ext4', 'options': 'ro,relatime,bind', 'dump': 0, 'passno': 0, 'size_total': 1005867986944, 'size_available': 483452944384, 'block_size': 4096, 'block_total': 245573239, 'block_available': 118030504, 'block_used': 127542735, 'inode_total': 62447616, 'inode_available': 59646782, 'inode_used': 2800834, 'uuid': 'N/A'}) 
skipping: [localhost] => (item={'mount': '/etc/resolv.conf', 'device': '/dev/nvme0n1p2', 'fstype': 'ext4', 'options': 'rw,relatime,bind', 'dump': 0, 'passno': 0, 'size_total': 1005867986944, 'size_available': 483452944384, 'block_size': 4096, 'block_total': 245573239, 'block_available': 118030504, 'block_used': 127542735, 'inode_total': 62447616, 'inode_available': 59646782, 'inode_used': 2800834, 'uuid': 'N/A'}) 
skipping: [localhost] => (item={'mount': '/etc/hostname', 'device': '/dev/nvme0n1p2', 'fstype': 'ext4', 'options': 'rw,relatime,bind', 'dump': 0, 'passno': 0, 'size_total': 1005867986944, 'size_available': 483452944384, 'block_size': 4096, 'block_total': 245573239, 'block_available': 118030504, 'block_used': 127542735, 'inode_total': 62447616, 'inode_available': 59646782, 'inode_used': 2800834, 'uuid': 'N/A'}) 
skipping: [localhost] => (item={'mount': '/etc/hosts', 'device': '/dev/nvme0n1p2', 'fstype': 'ext4', 'options': 'rw,relatime,bind', 'dump': 0, 'passno': 0, 'size_total': 1005867986944, 'size_available': 483452944384, 'block_size': 4096, 'block_total': 245573239, 'block_available': 118030504, 'block_used': 127542735, 'inode_total': 62447616, 'inode_available': 59646782, 'inode_used': 2800834, 'uuid': 'N/A'}) 
skipping: [localhost]

TASK [/stigforge/roles/al2023_cis : Verify that All World-Writable Directories Have Sticky Bits Set - Define Rule Specific Facts] ***
ok: [localhost]

TASK [/stigforge/roles/al2023_cis : Verify that All World-Writable Directories Have Sticky Bits Set - Find All Uncompliant Directories in Local File Systems] ***
ok: [localhost] => (item=/etc/hostname)
ok: [localhost] => (item=/tmp)
ok: [localhost] => (item=/stigforge/artifacts)
ok: [localhost] => (item=/media)
ok: [localhost] => (item=/stigforge)
ok: [localhost] => (item=/stigforge/policy)
ok: [localhost] => (item=/stigforge/pyproject.toml)
ok: [localhost] => (item=/local)
ok: [localhost] => (item=/var)
ok: [localhost] => (item=/root)
ok: [localhost] => (item=/stigforge/generator)
ok: [localhost] => (item=/stigforge/roles)
ok: [localhost] => (item=/etc)
ok: [localhost] => (item=/usr)
ok: [localhost] => (item=/etc/resolv.conf)
ok: [localhost] => (item=/etc/hosts)
ok: [localhost] => (item=/home)
ok: [localhost] => (item=/mnt)
ok: [localhost] => (item=/opt)
ok: [localhost] => (item=/boot)
ok: [localhost] => (item=/srv)

TASK [/stigforge/roles/al2023_cis : Verify that All World-Writable Directories Have Sticky Bits Set - Create List of World Writable Directories Without Sticky Bit] ***
ok: [localhost] => (item={'changed': False, 'stdout': '', 'stderr': '', 'rc': 0, 'cmd': ['find', '/etc/hostname', '-xdev', '-type', 'd', '(', '-perm', '-0002', '-a', '!', '-perm', '-1000', ')'], 'start': '2026-09-12 13:58:00.153953', 'end': '2026-09-12 13:58:00.157177', 'delta': '0:00:00.003224', 'msg': '', 'invocation': {'module_args': {'_raw_params': 'find /etc/hostname -xdev -type d ( -perm -0002 -a ! -perm -1000 )', '_uses_shell': False, 'expand_argument_vars': True, 'stdin_add_newline': True, 'strip_empty_ends': True, 'argv': None, 'chdir': None, 'executable': None, 'creates': None, 'removes': None, 'stdin': None}}, 'stdout_lines': [], 'stderr_lines': [], 'failed': False, 'item': '/etc/hostname', 'ansible_loop_var': 'item'})
ok: [localhost] => (item={'changed': False, 'stdout': '', 'stderr': '', 'rc': 0, 'cmd': ['find', '/tmp', '-xdev', '-type', 'd', '(', '-perm', '-0002', '-a', '!', '-perm', '-1000', ')'], 'start': '2026-09-12 13:58:00.265645', 'end': '2026-09-12 13:58:00.268743', 'delta': '0:00:00.003098', 'msg': '', 'invocation': {'module_args': {'_raw_params': 'find /tmp -xdev -type d ( -perm -0002 -a ! -perm -1000 )', '_uses_shell': False, 'expand_argument_vars': True, 'stdin_add_newline': True, 'strip_empty_ends': True, 'argv': None, 'chdir': None, 'executable': None, 'creates': None, 'removes': None, 'stdin': None}}, 'stdout_lines': [], 'stderr_lines': [], 'failed': False, 'item': '/tmp', 'ansible_loop_var': 'item'})
ok: [localhost] => (item={'changed': False, 'stdout': '', 'stderr': '', 'rc': 0, 'cmd': ['find', '/stigforge/artifacts', '-xdev', '-type', 'd', '(', '-perm', '-0002', '-a', '!', '-perm', '-1000', ')'], 'start': '2026-09-12 13:58:00.377986', 'end': '2026-09-12 13:58:00.380769', 'delta': '0:00:00.002783', 'msg': '', 'invocation': {'module_args': {'_raw_params': 'find /stigforge/artifacts -xdev -type d ( -perm -0002 -a ! -perm -1000 )', '_uses_shell': False, 'expand_argument_vars': True, 'stdin_add_newline': True, 'strip_empty_ends': True, 'argv': None, 'chdir': None, 'executable': None, 'creates': None, 'removes': None, 'stdin': None}}, 'stdout_lines': [], 'stderr_lines': [], 'failed': False, 'item': '/stigforge/artifacts', 'ansible_loop_var': 'item'})
ok: [localhost] => (item={'changed': False, 'stdout': '', 'stderr': '', 'rc': 0, 'cmd': ['find', '/media', '-xdev', '-type', 'd', '(', '-perm', '-0002', '-a', '!', '-perm', '-1000', ')'], 'start': '2026-09-12 13:58:00.487081', 'end': '2026-09-12 13:58:00.491640', 'delta': '0:00:00.004559', 'msg': '', 'invocation': {'module_args': {'_raw_params': 'find /media -xdev -type d ( -perm -0002 -a ! -perm -1000 )', '_uses_shell': False, 'expand_argument_vars': True, 'stdin_add_newline': True, 'strip_empty_ends': True, 'argv': None, 'chdir': None, 'executable': None, 'creates': None, 'removes': None, 'stdin': None}}, 'stdout_lines': [], 'stderr_lines': [], 'failed': False, 'item': '/media', 'ansible_loop_var': 'item'})
ok: [localhost] => (item={'changed': False, 'stdout': '', 'stderr': '', 'rc': 0, 'cmd': ['find', '/stigforge', '-xdev', '-type', 'd', '(', '-perm', '-0002', '-a', '!', '-perm', '-1000', ')'], 'start': '2026-09-12 13:58:00.601825', 'end': '2026-09-12 13:58:00.604831', 'delta': '0:00:00.003006', 'msg': '', 'invocation': {'module_args': {'_raw_params': 'find /stigforge -xdev -type d ( -perm -0002 -a ! -perm -1000 )', '_uses_shell': False, 'expand_argument_vars': True, 'stdin_add_newline': True, 'strip_empty_ends': True, 'argv': None, 'chdir': None, 'executable': None, 'creates': None, 'removes': None, 'stdin': None}}, 'stdout_lines': [], 'stderr_lines': [], 'failed': False, 'item': '/stigforge', 'ansible_loop_var': 'item'})
ok: [localhost] => (item={'changed': False, 'stdout': '', 'stderr': '', 'rc': 0, 'cmd': ['find', '/stigforge/policy', '-xdev', '-type', 'd', '(', '-perm', '-0002', '-a', '!', '-perm', '-1000', ')'], 'start': '2026-09-12 13:58:00.714625', 'end': '2026-09-12 13:58:00.716692', 'delta': '0:00:00.002067', 'msg': '', 'invocation': {'module_args': {'_raw_params': 'find /stigforge/policy -xdev -type d ( -perm -0002 -a ! -perm -1000 )', '_uses_shell': False, 'expand_argument_vars': True, 'stdin_add_newline': True, 'strip_empty_ends': True, 'argv': None, 'chdir': None, 'executable': None, 'creates': None, 'removes': None, 'stdin': None}}, 'stdout_lines': [], 'stderr_lines': [], 'failed': False, 'item': '/stigforge/policy', 'ansible_loop_var': 'item'})
ok: [localhost] => (item={'changed': False, 'stdout': '', 'stderr': '', 'rc': 0, 'cmd': ['find', '/stigforge/pyproject.toml', '-xdev', '-type', 'd', '(', '-perm', '-0002', '-a', '!', '-perm', '-1000', ')'], 'start': '2026-09-12 13:58:00.831872', 'end': '2026-09-12 13:58:00.834566', 'delta': '0:00:00.002694', 'msg': '', 'invocation': {'module_args': {'_raw_params': 'find /stigforge/pyproject.toml -xdev -type d ( -perm -0002 -a ! -perm -1000 )', '_uses_shell': False, 'expand_argument_vars': True, 'stdin_add_newline': True, 'strip_empty_ends': True, 'argv': None, 'chdir': None, 'executable': None, 'creates': None, 'removes': None, 'stdin': None}}, 'stdout_lines': [], 'stderr_lines': [], 'failed': False, 'item': '/stigforge/pyproject.toml', 'ansible_loop_var': 'item'})
ok: [localhost] => (item={'changed': False, 'stdout': '', 'stderr': '', 'rc': 0, 'cmd': ['find', '/local', '-xdev', '-type', 'd', '(', '-perm', '-0002', '-a', '!', '-perm', '-1000', ')'], 'start': '2026-09-12 13:58:00.942851', 'end': '2026-09-12 13:58:00.945702', 'delta': '0:00:00.002851', 'msg': '', 'invocation': {'module_args': {'_raw_params': 'find /local -xdev -type d ( -perm -0002 -a ! -perm -1000 )', '_uses_shell': False, 'expand_argument_vars': True, 'stdin_add_newline': True, 'strip_empty_ends': True, 'argv': None, 'chdir': None, 'executable': None, 'creates': None, 'removes': None, 'stdin': None}}, 'stdout_lines': [], 'stderr_lines': [], 'failed': False, 'item': '/local', 'ansible_loop_var': 'item'})
ok: [localhost] => (item={'changed': False, 'stdout': '', 'stderr': '', 'rc': 0, 'cmd': ['find', '/var', '-xdev', '-type', 'd', '(', '-perm', '-0002', '-a', '!', '-perm', '-1000', ')'], 'start': '2026-09-12 13:58:01.053339', 'end': '2026-09-12 13:58:01.064526', 'delta': '0:00:00.011187', 'msg': '', 'invocation': {'module_args': {'_raw_params': 'find /var -xdev -type d ( -perm -0002 -a ! -perm -1000 )', '_uses_shell': False, 'expand_argument_vars': True, 'stdin_add_newline': True, 'strip_empty_ends': True, 'argv': None, 'chdir': None, 'executable': None, 'creates': None, 'removes': None, 'stdin': None}}, 'stdout_lines': [], 'stderr_lines': [], 'failed': False, 'item': '/var', 'ansible_loop_var': 'item'})
ok: [localhost] => (item={'changed': False, 'stdout': '', 'stderr': '', 'rc': 0, 'cmd': ['find', '/root', '-xdev', '-type', 'd', '(', '-perm', '-0002', '-a', '!', '-perm', '-1000', ')'], 'start': '2026-09-12 13:58:01.186383', 'end': '2026-09-12 13:58:01.191627', 'delta': '0:00:00.005244', 'msg': '', 'invocation': {'module_args': {'_raw_params': 'find /root -xdev -type d ( -perm -0002 -a ! -perm -1000 )', '_uses_shell': False, 'expand_argument_vars': True, 'stdin_add_newline': True, 'strip_empty_ends': True, 'argv': None, 'chdir': None, 'executable': None, 'creates': None, 'removes': None, 'stdin': None}}, 'stdout_lines': [], 'stderr_lines': [], 'failed': False, 'item': '/root', 'ansible_loop_var': 'item'})
ok: [localhost] => (item={'changed': False, 'stdout': '', 'stderr': '', 'rc': 0, 'cmd': ['find', '/stigforge/generator', '-xdev', '-type', 'd', '(', '-perm', '-0002', '-a', '!', '-perm', '-1000', ')'], 'start': '2026-09-12 13:58:01.303375', 'end': '2026-09-12 13:58:01.305733', 'delta': '0:00:00.002358', 'msg': '', 'invocation': {'module_args': {'_raw_params': 'find /stigforge/generator -xdev -type d ( -perm -0002 -a ! -perm -1000 )', '_uses_shell': False, 'expand_argument_vars': True, 'stdin_add_newline': True, 'strip_empty_ends': True, 'argv': None, 'chdir': None, 'executable': None, 'creates': None, 'removes': None, 'stdin': None}}, 'stdout_lines': [], 'stderr_lines': [], 'failed': False, 'item': '/stigforge/generator', 'ansible_loop_var': 'item'})
ok: [localhost] => (item={'changed': False, 'stdout': '', 'stderr': '', 'rc': 0, 'cmd': ['find', '/stigforge/roles', '-xdev', '-type', 'd', '(', '-perm', '-0002', '-a', '!', '-perm', '-1000', ')'], 'start': '2026-09-12 13:58:01.420923', 'end': '2026-09-12 13:58:01.424074', 'delta': '0:00:00.003151', 'msg': '', 'invocation': {'module_args': {'_raw_params': 'find /stigforge/roles -xdev -type d ( -perm -0002 -a ! -perm -1000 )', '_uses_shell': False, 'expand_argument_vars': True, 'stdin_add_newline': True, 'strip_empty_ends': True, 'argv': None, 'chdir': None, 'executable': None, 'creates': None, 'removes': None, 'stdin': None}}, 'stdout_lines': [], 'stderr_lines': [], 'failed': False, 'item': '/stigforge/roles', 'ansible_loop_var': 'item'})
ok: [localhost] => (item={'changed': False, 'stdout': '', 'stderr': '', 'rc': 0, 'cmd': ['find', '/etc', '-xdev', '-type', 'd', '(', '-perm', '-0002', '-a', '!', '-perm', '-1000', ')'], 'start': '2026-09-12 13:58:01.570378', 'end': '2026-09-12 13:58:01.589316', 'delta': '0:00:00.018938', 'msg': '', 'invocation': {'module_args': {'_raw_params': 'find /etc -xdev -type d ( -perm -0002 -a ! -perm -1000 )', '_uses_shell': False, 'expand_argument_vars': True, 'stdin_add_newline': True, 'strip_empty_ends': True, 'argv': None, 'chdir': None, 'executable': None, 'creates': None, 'removes': None, 'stdin': None}}, 'stdout_lines': [], 'stderr_lines': [], 'failed': False, 'item': '/etc', 'ansible_loop_var': 'item'})
ok: [localhost] => (item={'changed': False, 'stdout': '', 'stderr': '', 'rc': 0, 'cmd': ['find', '/usr', '-xdev', '-type', 'd', '(', '-perm', '-0002', '-a', '!', '-perm', '-1000', ')'], 'start': '2026-09-12 13:58:01.704117', 'end': '2026-09-12 13:58:02.017669', 'delta': '0:00:00.313552', 'msg': '', 'invocation': {'module_args': {'_raw_params': 'find /usr -xdev -type d ( -perm -0002 -a ! -perm -1000 )', '_uses_shell': False, 'expand_argument_vars': True, 'stdin_add_newline': True, 'strip_empty_ends': True, 'argv': None, 'chdir': None, 'executable': None, 'creates': None, 'removes': None, 'stdin': None}}, 'stdout_lines': [], 'stderr_lines': [], 'failed': False, 'item': '/usr', 'ansible_loop_var': 'item'})
ok: [localhost] => (item={'changed': False, 'stdout': '', 'stderr': '', 'rc': 0, 'cmd': ['find', '/etc/resolv.conf', '-xdev', '-type', 'd', '(', '-perm', '-0002', '-a', '!', '-perm', '-1000', ')'], 'start': '2026-09-12 13:58:02.143921', 'end': '2026-09-12 13:58:02.146838', 'delta': '0:00:00.002917', 'msg': '', 'invocation': {'module_args': {'_raw_params': 'find /etc/resolv.conf -xdev -type d ( -perm -0002 -a ! -perm -1000 )', '_uses_shell': False, 'expand_argument_vars': True, 'stdin_add_newline': True, 'strip_empty_ends': True, 'argv': None, 'chdir': None, 'executable': None, 'creates': None, 'removes': None, 'stdin': None}}, 'stdout_lines': [], 'stderr_lines': [], 'failed': False, 'item': '/etc/resolv.conf', 'ansible_loop_var': 'item'})
ok: [localhost] => (item={'changed': False, 'stdout': '', 'stderr': '', 'rc': 0, 'cmd': ['find', '/etc/hosts', '-xdev', '-type', 'd', '(', '-perm', '-0002', '-a', '!', '-perm', '-1000', ')'], 'start': '2026-09-12 13:58:02.256249', 'end': '2026-09-12 13:58:02.258472', 'delta': '0:00:00.002223', 'msg': '', 'invocation': {'module_args': {'_raw_params': 'find /etc/hosts -xdev -type d ( -perm -0002 -a ! -perm -1000 )', '_uses_shell': False, 'expand_argument_vars': True, 'stdin_add_newline': True, 'strip_empty_ends': True, 'argv': None, 'chdir': None, 'executable': None, 'creates': None, 'removes': None, 'stdin': None}}, 'stdout_lines': [], 'stderr_lines': [], 'failed': False, 'item': '/etc/hosts', 'ansible_loop_var': 'item'})
ok: [localhost] => (item={'changed': False, 'stdout': '', 'stderr': '', 'rc': 0, 'cmd': ['find', '/home', '-xdev', '-type', 'd', '(', '-perm', '-0002', '-a', '!', '-perm', '-1000', ')'], 'start': '2026-09-12 13:58:02.373315', 'end': '2026-09-12 13:58:02.377383', 'delta': '0:00:00.004068', 'msg': '', 'invocation': {'module_args': {'_raw_params': 'find /home -xdev -type d ( -perm -0002 -a ! -perm -1000 )', '_uses_shell': False, 'expand_argument_vars': True, 'stdin_add_newline': True, 'strip_empty_ends': True, 'argv': None, 'chdir': None, 'executable': None, 'creates': None, 'removes': None, 'stdin': None}}, 'stdout_lines': [], 'stderr_lines': [], 'failed': False, 'item': '/home', 'ansible_loop_var': 'item'})
ok: [localhost] => (item={'changed': False, 'stdout': '', 'stderr': '', 'rc': 0, 'cmd': ['find', '/mnt', '-xdev', '-type', 'd', '(', '-perm', '-0002', '-a', '!', '-perm', '-1000', ')'], 'start': '2026-09-12 13:58:02.493720', 'end': '2026-09-12 13:58:02.496067', 'delta': '0:00:00.002347', 'msg': '', 'invocation': {'module_args': {'_raw_params': 'find /mnt -xdev -type d ( -perm -0002 -a ! -perm -1000 )', '_uses_shell': False, 'expand_argument_vars': True, 'stdin_add_newline': True, 'strip_empty_ends': True, 'argv': None, 'chdir': None, 'executable': None, 'creates': None, 'removes': None, 'stdin': None}}, 'stdout_lines': [], 'stderr_lines': [], 'failed': False, 'item': '/mnt', 'ansible_loop_var': 'item'})
ok: [localhost] => (item={'changed': False, 'stdout': '', 'stderr': '', 'rc': 0, 'cmd': ['find', '/opt', '-xdev', '-type', 'd', '(', '-perm', '-0002', '-a', '!', '-perm', '-1000', ')'], 'start': '2026-09-12 13:58:02.607728', 'end': '2026-09-12 13:58:02.610322', 'delta': '0:00:00.002594', 'msg': '', 'invocation': {'module_args': {'_raw_params': 'find /opt -xdev -type d ( -perm -0002 -a ! -perm -1000 )', '_uses_shell': False, 'expand_argument_vars': True, 'stdin_add_newline': True, 'strip_empty_ends': True, 'argv': None, 'chdir': None, 'executable': None, 'creates': None, 'removes': None, 'stdin': None}}, 'stdout_lines': [], 'stderr_lines': [], 'failed': False, 'item': '/opt', 'ansible_loop_var': 'item'})
ok: [localhost] => (item={'changed': False, 'stdout': '', 'stderr': '', 'rc': 0, 'cmd': ['find', '/boot', '-xdev', '-type', 'd', '(', '-perm', '-0002', '-a', '!', '-perm', '-1000', ')'], 'start': '2026-09-12 13:58:02.715054', 'end': '2026-09-12 13:58:02.719170', 'delta': '0:00:00.004116', 'msg': '', 'invocation': {'module_args': {'_raw_params': 'find /boot -xdev -type d ( -perm -0002 -a ! -perm -1000 )', '_uses_shell': False, 'expand_argument_vars': True, 'stdin_add_newline': True, 'strip_empty_ends': True, 'argv': None, 'chdir': None, 'executable': None, 'creates': None, 'removes': None, 'stdin': None}}, 'stdout_lines': [], 'stderr_lines': [], 'failed': False, 'item': '/boot', 'ansible_loop_var': 'item'})
ok: [localhost] => (item={'changed': False, 'stdout': '', 'stderr': '', 'rc': 0, 'cmd': ['find', '/srv', '-xdev', '-type', 'd', '(', '-perm', '-0002', '-a', '!', '-perm', '-1000', ')'], 'start': '2026-09-12 13:58:02.835859', 'end': '2026-09-12 13:58:02.838748', 'delta': '0:00:00.002889', 'msg': '', 'invocation': {'module_args': {'_raw_params': 'find /srv -xdev -type d ( -perm -0002 -a ! -perm -1000 )', '_uses_shell': False, 'expand_argument_vars': True, 'stdin_add_newline': True, 'strip_empty_ends': True, 'argv': None, 'chdir': None, 'executable': None, 'creates': None, 'removes': None, 'stdin': None}}, 'stdout_lines': [], 'stderr_lines': [], 'failed': False, 'item': '/srv', 'ansible_loop_var': 'item'})

TASK [/stigforge/roles/al2023_cis : Verify that All World-Writable Directories Have Sticky Bits Set - Ensure Sticky Bit is Set on Local World Writable Directories] ***
skipping: [localhost]

TASK [/stigforge/roles/al2023_cis : Set the file_groupowner_backup_etc_group_newgroup variable if represented by gid] ***
ok: [localhost]

TASK [/stigforge/roles/al2023_cis : Test for existence /etc/group-] ************
ok: [localhost]

TASK [/stigforge/roles/al2023_cis : Ensure group owner on /etc/group-] *********
ok: [localhost]

TASK [/stigforge/roles/al2023_cis : Set the file_groupowner_backup_etc_gshadow_newgroup variable if represented by gid] ***
ok: [localhost]

TASK [/stigforge/roles/al2023_cis : Test for existence /etc/gshadow-] **********
ok: [localhost]

TASK [/stigforge/roles/al2023_cis : Ensure group owner on /etc/gshadow-] *******
ok: [localhost]

TASK [/stigforge/roles/al2023_cis : Set the file_groupowner_backup_etc_passwd_newgroup variable if represented by gid] ***
ok: [localhost]

TASK [/stigforge/roles/al2023_cis : Test for existence /etc/passwd-] ***********
ok: [localhost]

TASK [/stigforge/roles/al2023_cis : Ensure group owner on /etc/passwd-] ********
ok: [localhost]

TASK [/stigforge/roles/al2023_cis : Set the file_groupowner_backup_etc_shadow_newgroup variable if represented by gid] ***
ok: [localhost]

TASK [/stigforge/roles/al2023_cis : Test for existence /etc/shadow-] ***********
ok: [localhost]

TASK [/stigforge/roles/al2023_cis : Ensure group owner on /etc/shadow-] ********
ok: [localhost]

TASK [/stigforge/roles/al2023_cis : Set the file_groupowner_etc_group_newgroup variable if represented by gid] ***
ok: [localhost]

TASK [/stigforge/roles/al2023_cis : Test for existence /etc/group] *************
ok: [localhost]

TASK [/stigforge/roles/al2023_cis : Ensure group owner on /etc/group] **********
ok: [localhost]

TASK [/stigforge/roles/al2023_cis : Set the file_groupowner_etc_gshadow_newgroup variable if represented by gid] ***
ok: [localhost]

TASK [/stigforge/roles/al2023_cis : Test for existence /etc/gshadow] ***********
ok: [localhost]

TASK [/stigforge/roles/al2023_cis : Ensure group owner on /etc/gshadow] ********
ok: [localhost]

TASK [/stigforge/roles/al2023_cis : Set the file_groupowner_etc_passwd_newgroup variable if represented by gid] ***
ok: [localhost]

TASK [/stigforge/roles/al2023_cis : Test for existence /etc/passwd] ************
ok: [localhost]

TASK [/stigforge/roles/al2023_cis : Ensure group owner on /etc/passwd] *********
ok: [localhost]

TASK [/stigforge/roles/al2023_cis : Set the file_groupowner_etc_shadow_newgroup variable if represented by gid] ***
ok: [localhost]

TASK [/stigforge/roles/al2023_cis : Test for existence /etc/shadow] ************
ok: [localhost]

TASK [/stigforge/roles/al2023_cis : Ensure group owner on /etc/shadow] *********
ok: [localhost]

TASK [/stigforge/roles/al2023_cis : Set the file_owner_backup_etc_group_newown variable if represented by uid] ***
ok: [localhost]

TASK [/stigforge/roles/al2023_cis : Test for existence /etc/group-] ************
ok: [localhost]

TASK [/stigforge/roles/al2023_cis : Ensure owner on /etc/group-] ***************
ok: [localhost]

TASK [/stigforge/roles/al2023_cis : Set the file_owner_backup_etc_gshadow_newown variable if represented by uid] ***
ok: [localhost]

TASK [/stigforge/roles/al2023_cis : Test for existence /etc/gshadow-] **********
ok: [localhost]

TASK [/stigforge/roles/al2023_cis : Ensure owner on /etc/gshadow-] *************
ok: [localhost]

TASK [/stigforge/roles/al2023_cis : Set the file_owner_backup_etc_passwd_newown variable if represented by uid] ***
ok: [localhost]

TASK [/stigforge/roles/al2023_cis : Test for existence /etc/passwd-] ***********
ok: [localhost]

TASK [/stigforge/roles/al2023_cis : Ensure owner on /etc/passwd-] **************
ok: [localhost]

TASK [/stigforge/roles/al2023_cis : Set the file_owner_backup_etc_shadow_newown variable if represented by uid] ***
ok: [localhost]

TASK [/stigforge/roles/al2023_cis : Test for existence /etc/shadow-] ***********
ok: [localhost]

TASK [/stigforge/roles/al2023_cis : Ensure owner on /etc/shadow-] **************
ok: [localhost]

TASK [/stigforge/roles/al2023_cis : Set the file_owner_etc_group_newown variable if represented by uid] ***
ok: [localhost]

TASK [/stigforge/roles/al2023_cis : Test for existence /etc/group] *************
ok: [localhost]

TASK [/stigforge/roles/al2023_cis : Ensure owner on /etc/group] ****************
ok: [localhost]

TASK [/stigforge/roles/al2023_cis : Set the file_owner_etc_gshadow_newown variable if represented by uid] ***
ok: [localhost]

TASK [/stigforge/roles/al2023_cis : Test for existence /etc/gshadow] ***********
ok: [localhost]

TASK [/stigforge/roles/al2023_cis : Ensure owner on /etc/gshadow] **************
ok: [localhost]

TASK [/stigforge/roles/al2023_cis : Set the file_owner_etc_passwd_newown variable if represented by uid] ***
ok: [localhost]

TASK [/stigforge/roles/al2023_cis : Test for existence /etc/passwd] ************
ok: [localhost]

TASK [/stigforge/roles/al2023_cis : Ensure owner on /etc/passwd] ***************
ok: [localhost]

TASK [/stigforge/roles/al2023_cis : Set the file_owner_etc_shadow_newown variable if represented by uid] ***
ok: [localhost]

TASK [/stigforge/roles/al2023_cis : Test for existence /etc/shadow] ************
ok: [localhost]

TASK [/stigforge/roles/al2023_cis : Ensure owner on /etc/shadow] ***************
ok: [localhost]

TASK [/stigforge/roles/al2023_cis : Test for existence /etc/group-] ************
ok: [localhost]

TASK [/stigforge/roles/al2023_cis : Ensure permission u-xs,g-xws,o-xwt on /etc/group-] ***
ok: [localhost]

TASK [/stigforge/roles/al2023_cis : Test for existence /etc/gshadow-] **********
ok: [localhost]

TASK [/stigforge/roles/al2023_cis : Ensure permission u-xwrs,g-xwrs,o-xwrt on /etc/gshadow-] ***
ok: [localhost]

TASK [/stigforge/roles/al2023_cis : Test for existence /etc/passwd-] ***********
ok: [localhost]

TASK [/stigforge/roles/al2023_cis : Ensure permission u-xs,g-xws,o-xwt on /etc/passwd-] ***
ok: [localhost]

TASK [/stigforge/roles/al2023_cis : Test for existence /etc/shadow-] ***********
ok: [localhost]

TASK [/stigforge/roles/al2023_cis : Ensure permission u-xwrs,g-xwrs,o-xwrt on /etc/shadow-] ***
ok: [localhost]

TASK [/stigforge/roles/al2023_cis : Test for existence /etc/group] *************
ok: [localhost]

TASK [/stigforge/roles/al2023_cis : Ensure permission u-xs,g-xws,o-xwt on /etc/group] ***
ok: [localhost]

TASK [/stigforge/roles/al2023_cis : Test for existence /etc/gshadow] ***********
ok: [localhost]

TASK [/stigforge/roles/al2023_cis : Ensure permission u-xwrs,g-xwrs,o-xwrt on /etc/gshadow] ***
ok: [localhost]

TASK [/stigforge/roles/al2023_cis : Test for existence /etc/passwd] ************
ok: [localhost]

TASK [/stigforge/roles/al2023_cis : Ensure permission u-xs,g-xws,o-xwt on /etc/passwd] ***
ok: [localhost]

TASK [/stigforge/roles/al2023_cis : Test for existence /etc/shadow] ************
ok: [localhost]

TASK [/stigforge/roles/al2023_cis : Ensure permission u-xwrs,g-xwrs,o-xwrt on /etc/shadow] ***
ok: [localhost]

TASK [/stigforge/roles/al2023_cis : Ensure kernel module 'cramfs' is disabled] ***
skipping: [localhost]

TASK [/stigforge/roles/al2023_cis : Ensure kernel module 'freevxfs' is disabled] ***
skipping: [localhost]

TASK [/stigforge/roles/al2023_cis : Ensure kernel module 'hfs' is disabled] ****
skipping: [localhost]

TASK [/stigforge/roles/al2023_cis : Ensure kernel module 'hfsplus' is disabled] ***
skipping: [localhost]

TASK [/stigforge/roles/al2023_cis : Ensure kernel module 'jffs2' is disabled] ***
skipping: [localhost]

TASK [/stigforge/roles/al2023_cis : Ensure kernel module 'usb-storage' is disabled] ***
skipping: [localhost]

TASK [/stigforge/roles/al2023_cis : Add nodev Option to /dev/shm: Check information associated to mountpoint] ***
skipping: [localhost]

TASK [/stigforge/roles/al2023_cis : Add nodev Option to /dev/shm: Create mount_info dictionary variable] ***
skipping: [localhost]

TASK [/stigforge/roles/al2023_cis : Add nodev Option to /dev/shm: If /dev/shm not mounted, craft mount_info manually] ***
skipping: [localhost] => (item=['target', '/dev/shm']) 
skipping: [localhost] => (item=['source', 'tmpfs']) 
skipping: [localhost] => (item=['fstype', 'tmpfs']) 
skipping: [localhost] => (item=['options', 'defaults']) 
skipping: [localhost]

TASK [/stigforge/roles/al2023_cis : Add nodev Option to /dev/shm: Make sure nodev option is part of the to /dev/shm options] ***
skipping: [localhost]

TASK [/stigforge/roles/al2023_cis : Add nodev Option to /dev/shm: Ensure /dev/shm is mounted with nodev option] ***
skipping: [localhost]

TASK [/stigforge/roles/al2023_cis : Add noexec Option to /dev/shm: Check information associated to mountpoint] ***
skipping: [localhost]

TASK [/stigforge/roles/al2023_cis : Add noexec Option to /dev/shm: Create mount_info dictionary variable] ***
skipping: [localhost]

TASK [/stigforge/roles/al2023_cis : Add noexec Option to /dev/shm: If /dev/shm not mounted, craft mount_info manually] ***
skipping: [localhost] => (item=['target', '/dev/shm']) 
skipping: [localhost] => (item=['source', 'tmpfs']) 
skipping: [localhost] => (item=['fstype', 'tmpfs']) 
skipping: [localhost] => (item=['options', 'defaults']) 
skipping: [localhost]

TASK [/stigforge/roles/al2023_cis : Add noexec Option to /dev/shm: Make sure noexec option is part of the to /dev/shm options] ***
skipping: [localhost]

TASK [/stigforge/roles/al2023_cis : Add noexec Option to /dev/shm: Ensure /dev/shm is mounted with noexec option] ***
skipping: [localhost]

TASK [/stigforge/roles/al2023_cis : Add nosuid Option to /dev/shm: Check information associated to mountpoint] ***
skipping: [localhost]

TASK [/stigforge/roles/al2023_cis : Add nosuid Option to /dev/shm: Create mount_info dictionary variable] ***
skipping: [localhost]

TASK [/stigforge/roles/al2023_cis : Add nosuid Option to /dev/shm: If /dev/shm not mounted, craft mount_info manually] ***
skipping: [localhost] => (item=['target', '/dev/shm']) 
skipping: [localhost] => (item=['source', 'tmpfs']) 
skipping: [localhost] => (item=['fstype', 'tmpfs']) 
skipping: [localhost] => (item=['options', 'defaults']) 
skipping: [localhost]

TASK [/stigforge/roles/al2023_cis : Add nosuid Option to /dev/shm: Make sure nosuid option is part of the to /dev/shm options] ***
skipping: [localhost]

TASK [/stigforge/roles/al2023_cis : Add nosuid Option to /dev/shm: Ensure /dev/shm is mounted with nosuid option] ***
skipping: [localhost]

TASK [/stigforge/roles/al2023_cis : Add nodev Option to /home: Check information associated to mountpoint] ***
skipping: [localhost]

TASK [/stigforge/roles/al2023_cis : Add nodev Option to /home: Create mount_info dictionary variable] ***
skipping: [localhost]

TASK [/stigforge/roles/al2023_cis : Add nodev Option to /home: If /home not mounted, craft mount_info manually] ***
skipping: [localhost] => (item=['target', '/home']) 
skipping: [localhost] => (item=['source', '']) 
skipping: [localhost] => (item=['fstype', '']) 
skipping: [localhost] => (item=['options', 'defaults']) 
skipping: [localhost]

TASK [/stigforge/roles/al2023_cis : Add nodev Option to /home: Make sure nodev option is part of the to /home options] ***
skipping: [localhost]

TASK [/stigforge/roles/al2023_cis : Add nodev Option to /home: Ensure /home is mounted with nodev option] ***
skipping: [localhost]

TASK [/stigforge/roles/al2023_cis : Add nosuid Option to /home: Check information associated to mountpoint] ***
skipping: [localhost]

TASK [/stigforge/roles/al2023_cis : Add nosuid Option to /home: Create mount_info dictionary variable] ***
skipping: [localhost]

TASK [/stigforge/roles/al2023_cis : Add nosuid Option to /home: If /home not mounted, craft mount_info manually] ***
skipping: [localhost] => (item=['target', '/home']) 
skipping: [localhost] => (item=['source', '']) 
skipping: [localhost] => (item=['fstype', '']) 
skipping: [localhost] => (item=['options', 'defaults']) 
skipping: [localhost]

TASK [/stigforge/roles/al2023_cis : Add nosuid Option to /home: Make sure nosuid option is part of the to /home options] ***
skipping: [localhost]

TASK [/stigforge/roles/al2023_cis : Add nosuid Option to /home: Ensure /home is mounted with nosuid option] ***
skipping: [localhost]

TASK [/stigforge/roles/al2023_cis : Add nodev Option to /tmp: Check information associated to mountpoint] ***
skipping: [localhost]

TASK [/stigforge/roles/al2023_cis : Add nodev Option to /tmp: Create mount_info dictionary variable] ***
skipping: [localhost]

TASK [/stigforge/roles/al2023_cis : Add nodev Option to /tmp: If /tmp not mounted, craft mount_info manually] ***
skipping: [localhost] => (item=['target', '/tmp']) 
skipping: [localhost] => (item=['source', '']) 
skipping: [localhost] => (item=['fstype', '']) 
skipping: [localhost] => (item=['options', 'defaults']) 
skipping: [localhost]

TASK [/stigforge/roles/al2023_cis : Add nodev Option to /tmp: Make sure nodev option is part of the to /tmp options] ***
skipping: [localhost]

TASK [/stigforge/roles/al2023_cis : Add nodev Option to /tmp: Ensure /tmp is mounted with nodev option] ***
skipping: [localhost]

TASK [/stigforge/roles/al2023_cis : Add noexec Option to /tmp: Check information associated to mountpoint] ***
skipping: [localhost]

TASK [/stigforge/roles/al2023_cis : Add noexec Option to /tmp: Create mount_info dictionary variable] ***
skipping: [localhost]

TASK [/stigforge/roles/al2023_cis : Add noexec Option to /tmp: If /tmp not mounted, craft mount_info manually] ***
skipping: [localhost] => (item=['target', '/tmp']) 
skipping: [localhost] => (item=['source', '']) 
skipping: [localhost] => (item=['fstype', '']) 
skipping: [localhost] => (item=['options', 'defaults']) 
skipping: [localhost]

TASK [/stigforge/roles/al2023_cis : Add noexec Option to /tmp: Make sure noexec option is part of the to /tmp options] ***
skipping: [localhost]

TASK [/stigforge/roles/al2023_cis : Add noexec Option to /tmp: Ensure /tmp is mounted with noexec option] ***
skipping: [localhost]

TASK [/stigforge/roles/al2023_cis : Add nosuid Option to /tmp: Check information associated to mountpoint] ***
skipping: [localhost]

TASK [/stigforge/roles/al2023_cis : Add nosuid Option to /tmp: Create mount_info dictionary variable] ***
skipping: [localhost]

TASK [/stigforge/roles/al2023_cis : Add nosuid Option to /tmp: If /tmp not mounted, craft mount_info manually] ***
skipping: [localhost] => (item=['target', '/tmp']) 
skipping: [localhost] => (item=['source', '']) 
skipping: [localhost] => (item=['fstype', '']) 
skipping: [localhost] => (item=['options', 'defaults']) 
skipping: [localhost]

TASK [/stigforge/roles/al2023_cis : Add nosuid Option to /tmp: Make sure nosuid option is part of the to /tmp options] ***
skipping: [localhost]

TASK [/stigforge/roles/al2023_cis : Add nosuid Option to /tmp: Ensure /tmp is mounted with nosuid option] ***
skipping: [localhost]

TASK [/stigforge/roles/al2023_cis : Add nodev Option to /var/log/audit: Check information associated to mountpoint] ***
skipping: [localhost]

TASK [/stigforge/roles/al2023_cis : Add nodev Option to /var/log/audit: Create mount_info dictionary variable] ***
skipping: [localhost]

TASK [/stigforge/roles/al2023_cis : Add nodev Option to /var/log/audit: If /var/log/audit not mounted, craft mount_info manually] ***
skipping: [localhost] => (item=['target', '/var/log/audit']) 
skipping: [localhost] => (item=['source', '']) 
skipping: [localhost] => (item=['fstype', '']) 
skipping: [localhost] => (item=['options', 'defaults']) 
skipping: [localhost]

TASK [/stigforge/roles/al2023_cis : Add nodev Option to /var/log/audit: Make sure nodev option is part of the to /var/log/audit options] ***
skipping: [localhost]

TASK [/stigforge/roles/al2023_cis : Add nodev Option to /var/log/audit: Ensure /var/log/audit is mounted with nodev option] ***
skipping: [localhost]

TASK [/stigforge/roles/al2023_cis : Add noexec Option to /var/log/audit: Check information associated to mountpoint] ***
skipping: [localhost]

TASK [/stigforge/roles/al2023_cis : Add noexec Option to /var/log/audit: Create mount_info dictionary variable] ***
skipping: [localhost]

TASK [/stigforge/roles/al2023_cis : Add noexec Option to /var/log/audit: If /var/log/audit not mounted, craft mount_info manually] ***
skipping: [localhost] => (item=['target', '/var/log/audit']) 
skipping: [localhost] => (item=['source', '']) 
skipping: [localhost] => (item=['fstype', '']) 
skipping: [localhost] => (item=['options', 'defaults']) 
skipping: [localhost]

TASK [/stigforge/roles/al2023_cis : Add noexec Option to /var/log/audit: Make sure noexec option is part of the to /var/log/audit options] ***
skipping: [localhost]

TASK [/stigforge/roles/al2023_cis : Add noexec Option to /var/log/audit: Ensure /var/log/audit is mounted with noexec option] ***
skipping: [localhost]

TASK [/stigforge/roles/al2023_cis : Add nosuid Option to /var/log/audit: Check information associated to mountpoint] ***
skipping: [localhost]

TASK [/stigforge/roles/al2023_cis : Add nosuid Option to /var/log/audit: Create mount_info dictionary variable] ***
skipping: [localhost]

TASK [/stigforge/roles/al2023_cis : Add nosuid Option to /var/log/audit: If /var/log/audit not mounted, craft mount_info manually] ***
skipping: [localhost] => (item=['target', '/var/log/audit']) 
skipping: [localhost] => (item=['source', '']) 
skipping: [localhost] => (item=['fstype', '']) 
skipping: [localhost] => (item=['options', 'defaults']) 
skipping: [localhost]

TASK [/stigforge/roles/al2023_cis : Add nosuid Option to /var/log/audit: Make sure nosuid option is part of the to /var/log/audit options] ***
skipping: [localhost]

TASK [/stigforge/roles/al2023_cis : Add nosuid Option to /var/log/audit: Ensure /var/log/audit is mounted with nosuid option] ***
skipping: [localhost]

TASK [/stigforge/roles/al2023_cis : Add nodev Option to /var/log: Check information associated to mountpoint] ***
skipping: [localhost]

TASK [/stigforge/roles/al2023_cis : Add nodev Option to /var/log: Create mount_info dictionary variable] ***
skipping: [localhost]

TASK [/stigforge/roles/al2023_cis : Add nodev Option to /var/log: If /var/log not mounted, craft mount_info manually] ***
skipping: [localhost] => (item=['target', '/var/log']) 
skipping: [localhost] => (item=['source', '']) 
skipping: [localhost] => (item=['fstype', '']) 
skipping: [localhost] => (item=['options', 'defaults']) 
skipping: [localhost]

TASK [/stigforge/roles/al2023_cis : Add nodev Option to /var/log: Make sure nodev option is part of the to /var/log options] ***
skipping: [localhost]

TASK [/stigforge/roles/al2023_cis : Add nodev Option to /var/log: Ensure /var/log is mounted with nodev option] ***
skipping: [localhost]

TASK [/stigforge/roles/al2023_cis : Add noexec Option to /var/log: Check information associated to mountpoint] ***
skipping: [localhost]

TASK [/stigforge/roles/al2023_cis : Add noexec Option to /var/log: Create mount_info dictionary variable] ***
skipping: [localhost]

TASK [/stigforge/roles/al2023_cis : Add noexec Option to /var/log: If /var/log not mounted, craft mount_info manually] ***
skipping: [localhost] => (item=['target', '/var/log']) 
skipping: [localhost] => (item=['source', '']) 
skipping: [localhost] => (item=['fstype', '']) 
skipping: [localhost] => (item=['options', 'defaults']) 
skipping: [localhost]

TASK [/stigforge/roles/al2023_cis : Add noexec Option to /var/log: Make sure noexec option is part of the to /var/log options] ***
skipping: [localhost]

TASK [/stigforge/roles/al2023_cis : Add noexec Option to /var/log: Ensure /var/log is mounted with noexec option] ***
skipping: [localhost]

TASK [/stigforge/roles/al2023_cis : Add nosuid Option to /var/log: Check information associated to mountpoint] ***
skipping: [localhost]

TASK [/stigforge/roles/al2023_cis : Add nosuid Option to /var/log: Create mount_info dictionary variable] ***
skipping: [localhost]

TASK [/stigforge/roles/al2023_cis : Add nosuid Option to /var/log: If /var/log not mounted, craft mount_info manually] ***
skipping: [localhost] => (item=['target', '/var/log']) 
skipping: [localhost] => (item=['source', '']) 
skipping: [localhost] => (item=['fstype', '']) 
skipping: [localhost] => (item=['options', 'defaults']) 
skipping: [localhost]

TASK [/stigforge/roles/al2023_cis : Add nosuid Option to /var/log: Make sure nosuid option is part of the to /var/log options] ***
skipping: [localhost]

TASK [/stigforge/roles/al2023_cis : Add nosuid Option to /var/log: Ensure /var/log is mounted with nosuid option] ***
skipping: [localhost]

TASK [/stigforge/roles/al2023_cis : Add nodev Option to /var: Check information associated to mountpoint] ***
skipping: [localhost]

TASK [/stigforge/roles/al2023_cis : Add nodev Option to /var: Create mount_info dictionary variable] ***
skipping: [localhost]

TASK [/stigforge/roles/al2023_cis : Add nodev Option to /var: If /var not mounted, craft mount_info manually] ***
skipping: [localhost] => (item=['target', '/var']) 
skipping: [localhost] => (item=['source', '']) 
skipping: [localhost] => (item=['fstype', '']) 
skipping: [localhost] => (item=['options', 'defaults']) 
skipping: [localhost]

TASK [/stigforge/roles/al2023_cis : Add nodev Option to /var: Make sure nodev option is part of the to /var options] ***
skipping: [localhost]

TASK [/stigforge/roles/al2023_cis : Add nodev Option to /var: Ensure /var is mounted with nodev option] ***
skipping: [localhost]

TASK [/stigforge/roles/al2023_cis : Add nosuid Option to /var: Check information associated to mountpoint] ***
skipping: [localhost]

TASK [/stigforge/roles/al2023_cis : Add nosuid Option to /var: Create mount_info dictionary variable] ***
skipping: [localhost]

TASK [/stigforge/roles/al2023_cis : Add nosuid Option to /var: If /var not mounted, craft mount_info manually] ***
skipping: [localhost] => (item=['target', '/var']) 
skipping: [localhost] => (item=['source', '']) 
skipping: [localhost] => (item=['fstype', '']) 
skipping: [localhost] => (item=['options', 'defaults']) 
skipping: [localhost]

TASK [/stigforge/roles/al2023_cis : Add nosuid Option to /var: Make sure nosuid option is part of the to /var options] ***
skipping: [localhost]

TASK [/stigforge/roles/al2023_cis : Add nosuid Option to /var: Ensure /var is mounted with nosuid option] ***
skipping: [localhost]

TASK [/stigforge/roles/al2023_cis : Add nodev Option to /var/tmp: Check information associated to mountpoint] ***
skipping: [localhost]

TASK [/stigforge/roles/al2023_cis : Add nodev Option to /var/tmp: Create mount_info dictionary variable] ***
skipping: [localhost]

TASK [/stigforge/roles/al2023_cis : Add nodev Option to /var/tmp: If /var/tmp not mounted, craft mount_info manually] ***
skipping: [localhost] => (item=['target', '/var/tmp']) 
skipping: [localhost] => (item=['source', '']) 
skipping: [localhost] => (item=['fstype', '']) 
skipping: [localhost] => (item=['options', 'defaults']) 
skipping: [localhost]

TASK [/stigforge/roles/al2023_cis : Add nodev Option to /var/tmp: Make sure nodev option is part of the to /var/tmp options] ***
skipping: [localhost]

TASK [/stigforge/roles/al2023_cis : Add nodev Option to /var/tmp: Ensure /var/tmp is mounted with nodev option] ***
skipping: [localhost]

TASK [/stigforge/roles/al2023_cis : Add noexec Option to /var/tmp: Check information associated to mountpoint] ***
skipping: [localhost]

TASK [/stigforge/roles/al2023_cis : Add noexec Option to /var/tmp: Create mount_info dictionary variable] ***
skipping: [localhost]

TASK [/stigforge/roles/al2023_cis : Add noexec Option to /var/tmp: If /var/tmp not mounted, craft mount_info manually] ***
skipping: [localhost] => (item=['target', '/var/tmp']) 
skipping: [localhost] => (item=['source', '']) 
skipping: [localhost] => (item=['fstype', '']) 
skipping: [localhost] => (item=['options', 'defaults']) 
skipping: [localhost]

TASK [/stigforge/roles/al2023_cis : Add noexec Option to /var/tmp: Make sure noexec option is part of the to /var/tmp options] ***
skipping: [localhost]

TASK [/stigforge/roles/al2023_cis : Add noexec Option to /var/tmp: Ensure /var/tmp is mounted with noexec option] ***
skipping: [localhost]

TASK [/stigforge/roles/al2023_cis : Add nosuid Option to /var/tmp: Check information associated to mountpoint] ***
skipping: [localhost]

TASK [/stigforge/roles/al2023_cis : Add nosuid Option to /var/tmp: Create mount_info dictionary variable] ***
skipping: [localhost]

TASK [/stigforge/roles/al2023_cis : Add nosuid Option to /var/tmp: If /var/tmp not mounted, craft mount_info manually] ***
skipping: [localhost] => (item=['target', '/var/tmp']) 
skipping: [localhost] => (item=['source', '']) 
skipping: [localhost] => (item=['fstype', '']) 
skipping: [localhost] => (item=['options', 'defaults']) 
skipping: [localhost]

TASK [/stigforge/roles/al2023_cis : Add nosuid Option to /var/tmp: Make sure nosuid option is part of the to /var/tmp options] ***
skipping: [localhost]

TASK [/stigforge/roles/al2023_cis : Add nosuid Option to /var/tmp: Ensure /var/tmp is mounted with nosuid option] ***
skipping: [localhost]

TASK [/stigforge/roles/al2023_cis : Restrict usage of ptrace to descendant processes - Set fact for sysctl paths] ***
skipping: [localhost]

TASK [/stigforge/roles/al2023_cis : Restrict usage of ptrace to descendant processes - Find all files that contain kernel.yama.ptrace_scope] ***
skipping: [localhost]

TASK [/stigforge/roles/al2023_cis : Restrict usage of ptrace to descendant processes - Find all files that set kernel.yama.ptrace_scope to correct value] ***
skipping: [localhost]

TASK [/stigforge/roles/al2023_cis : Restrict usage of ptrace to descendant processes - Comment out any occurrences of kernel.yama.ptrace_scope from config files] ***
skipping: [localhost]

TASK [/stigforge/roles/al2023_cis : Restrict usage of ptrace to descendant processes - Ensure sysctl kernel.yama.ptrace_scope is set to 1] ***
skipping: [localhost]

TASK [/stigforge/roles/al2023_cis : Disable core dump backtraces - Search for a section in files] ***
skipping: [localhost] => (item={'path': '/etc/systemd', 'pattern': 'coredump\\.conf'}) 
skipping: [localhost] => (item={'path': '/etc/systemd/coredump.conf.d', 'pattern': '.*\\.conf'}) 
skipping: [localhost]

TASK [/stigforge/roles/al2023_cis : Disable core dump backtraces - Count number of files which contain the correct section] ***
skipping: [localhost]

TASK [/stigforge/roles/al2023_cis : Disable core dump backtraces - Add missing configuration to correct section] ***
skipping: [localhost]

TASK [/stigforge/roles/al2023_cis : Disable core dump backtraces - Add configuration to new remediation file] ***
skipping: [localhost]

TASK [/stigforge/roles/al2023_cis : Disable storing core dump - Search for a section in files] ***
skipping: [localhost] => (item={'path': '/etc/systemd', 'pattern': 'coredump\\.conf'}) 
skipping: [localhost] => (item={'path': '/etc/systemd/coredump.conf.d', 'pattern': '.*\\.conf'}) 
skipping: [localhost]

TASK [/stigforge/roles/al2023_cis : Disable storing core dump - Count number of files which contain the correct section] ***
skipping: [localhost]

TASK [/stigforge/roles/al2023_cis : Disable storing core dump - Add missing configuration to correct section] ***
skipping: [localhost]

TASK [/stigforge/roles/al2023_cis : Disable storing core dump - Add configuration to new remediation file] ***
skipping: [localhost]

TASK [/stigforge/roles/al2023_cis : Enable Randomized Layout of Virtual Address Space - Set fact for sysctl paths] ***
skipping: [localhost]

TASK [/stigforge/roles/al2023_cis : Enable Randomized Layout of Virtual Address Space - Find all files that contain kernel.randomize_va_space] ***
skipping: [localhost]

TASK [/stigforge/roles/al2023_cis : Enable Randomized Layout of Virtual Address Space - Find all files that set kernel.randomize_va_space to correct value] ***
skipping: [localhost]

TASK [/stigforge/roles/al2023_cis : Enable Randomized Layout of Virtual Address Space - Comment out any occurrences of kernel.randomize_va_space from config files] ***
skipping: [localhost]

TASK [/stigforge/roles/al2023_cis : Enable Randomized Layout of Virtual Address Space - Ensure sysctl kernel.randomize_va_space is set to 2] ***
skipping: [localhost]

TASK [/stigforge/roles/al2023_cis : Ensure SELinux Not Disabled in /etc/default/grub - Find /etc/grub.d/ files] ***
skipping: [localhost]

TASK [/stigforge/roles/al2023_cis : Ensure SELinux Not Disabled in /etc/default/grub - Ensure SELinux Not Disabled in /etc/grub.d/ files] ***
skipping: [localhost]

TASK [/stigforge/roles/al2023_cis : Ensure SELinux Not Disabled in /etc/default/grub - Check if /etc/grub2.cfg exists] ***
skipping: [localhost]

TASK [/stigforge/roles/al2023_cis : Ensure SELinux Not Disabled in /etc/default/grub - Check if /etc/default/grub exists] ***
skipping: [localhost]

TASK [/stigforge/roles/al2023_cis : Ensure SELinux Not Disabled in /etc/default/grub - Ensure SELinux Not Disabled in /etc/grub2.cfg] ***
skipping: [localhost]

TASK [/stigforge/roles/al2023_cis : Ensure SELinux Not Disabled in /etc/default/grub - Ensure SELinux Not Disabled in /etc/default/grub] ***
skipping: [localhost]

TASK [/stigforge/roles/al2023_cis : Ensure SELinux is Not Disabled - Check current SELinux configuration] ***
skipping: [localhost]

TASK [/stigforge/roles/al2023_cis : Check for duplicate values] ****************
skipping: [localhost]

TASK [/stigforge/roles/al2023_cis : Deduplicate values from /etc/selinux/config] ***
skipping: [localhost]

TASK [/stigforge/roles/al2023_cis : Insert correct line to /etc/selinux/config] ***
skipping: [localhost]

TASK [/stigforge/roles/al2023_cis : Ensure SELinux is Not Disabled - Mark system to relabel SELinux on next boot] ***
skipping: [localhost]

TASK [/stigforge/roles/al2023_cis : Check for duplicate values] ****************
skipping: [localhost]

TASK [/stigforge/roles/al2023_cis : Deduplicate values from /etc/selinux/config] ***
skipping: [localhost]

TASK [/stigforge/roles/al2023_cis : Insert correct line to /etc/selinux/config] ***
skipping: [localhost]

TASK [/stigforge/roles/al2023_cis : Set the file_groupowner_cron_d_newgroup variable if represented by gid] ***
skipping: [localhost]

TASK [/stigforge/roles/al2023_cis : Ensure group owner on /etc/cron.d/] ********
skipping: [localhost]

TASK [/stigforge/roles/al2023_cis : Set the file_groupowner_cron_daily_newgroup variable if represented by gid] ***
skipping: [localhost]

TASK [/stigforge/roles/al2023_cis : Ensure group owner on /etc/cron.daily/] ****
skipping: [localhost]

TASK [/stigforge/roles/al2023_cis : Set the file_groupowner_cron_hourly_newgroup variable if represented by gid] ***
skipping: [localhost]

TASK [/stigforge/roles/al2023_cis : Ensure group owner on /etc/cron.hourly/] ***
skipping: [localhost]

TASK [/stigforge/roles/al2023_cis : Set the file_groupowner_cron_monthly_newgroup variable if represented by gid] ***
skipping: [localhost]

TASK [/stigforge/roles/al2023_cis : Ensure group owner on /etc/cron.monthly/] ***
skipping: [localhost]

TASK [/stigforge/roles/al2023_cis : Set the file_groupowner_cron_weekly_newgroup variable if represented by gid] ***
skipping: [localhost]

TASK [/stigforge/roles/al2023_cis : Ensure group owner on /etc/cron.weekly/] ***
skipping: [localhost]

TASK [/stigforge/roles/al2023_cis : Set the file_groupowner_crontab_newgroup variable if represented by gid] ***
skipping: [localhost]

TASK [/stigforge/roles/al2023_cis : Test for existence /etc/crontab] ***********
skipping: [localhost]

TASK [/stigforge/roles/al2023_cis : Ensure group owner on /etc/crontab] ********
skipping: [localhost]

TASK [/stigforge/roles/al2023_cis : Set the file_owner_cron_d_newown variable if represented by uid] ***
skipping: [localhost]

TASK [/stigforge/roles/al2023_cis : Ensure owner on directory /etc/cron.d/] ****
skipping: [localhost]

TASK [/stigforge/roles/al2023_cis : Set the file_owner_cron_daily_newown variable if represented by uid] ***
skipping: [localhost]

TASK [/stigforge/roles/al2023_cis : Ensure owner on directory /etc/cron.daily/] ***
skipping: [localhost]

TASK [/stigforge/roles/al2023_cis : Set the file_owner_cron_hourly_newown variable if represented by uid] ***
skipping: [localhost]

TASK [/stigforge/roles/al2023_cis : Ensure owner on directory /etc/cron.hourly/] ***
skipping: [localhost]

TASK [/stigforge/roles/al2023_cis : Set the file_owner_cron_monthly_newown variable if represented by uid] ***
skipping: [localhost]

TASK [/stigforge/roles/al2023_cis : Ensure owner on directory /etc/cron.monthly/] ***
skipping: [localhost]

TASK [/stigforge/roles/al2023_cis : Set the file_owner_cron_weekly_newown variable if represented by uid] ***
skipping: [localhost]

TASK [/stigforge/roles/al2023_cis : Ensure owner on directory /etc/cron.weekly/] ***
skipping: [localhost]

TASK [/stigforge/roles/al2023_cis : Set the file_owner_crontab_newown variable if represented by uid] ***
skipping: [localhost]

TASK [/stigforge/roles/al2023_cis : Test for existence /etc/crontab] ***********
skipping: [localhost]

TASK [/stigforge/roles/al2023_cis : Ensure owner on /etc/crontab] **************
skipping: [localhost]

TASK [/stigforge/roles/al2023_cis : Find /etc/cron.d/ file(s)] *****************
skipping: [localhost]

TASK [/stigforge/roles/al2023_cis : Set permissions for /etc/cron.d/ file(s)] ***
skipping: [localhost]

TASK [/stigforge/roles/al2023_cis : Find /etc/cron.daily/ file(s)] *************
skipping: [localhost]

TASK [/stigforge/roles/al2023_cis : Set permissions for /etc/cron.daily/ file(s)] ***
skipping: [localhost]

TASK [/stigforge/roles/al2023_cis : Find /etc/cron.hourly/ file(s)] ************
skipping: [localhost]

TASK [/stigforge/roles/al2023_cis : Set permissions for /etc/cron.hourly/ file(s)] ***
skipping: [localhost]

TASK [/stigforge/roles/al2023_cis : Find /etc/cron.monthly/ file(s)] ***********
skipping: [localhost]

TASK [/stigforge/roles/al2023_cis : Set permissions for /etc/cron.monthly/ file(s)] ***
skipping: [localhost]

TASK [/stigforge/roles/al2023_cis : Find /etc/cron.weekly/ file(s)] ************
skipping: [localhost]

TASK [/stigforge/roles/al2023_cis : Set permissions for /etc/cron.weekly/ file(s)] ***
skipping: [localhost]

TASK [/stigforge/roles/al2023_cis : Test for existence /etc/crontab] ***********
skipping: [localhost]

TASK [/stigforge/roles/al2023_cis : Ensure permission u-xs,g-xwrs,o-xwrt on /etc/crontab] ***
skipping: [localhost]

TASK [/stigforge/roles/al2023_cis : Ensure that /etc/at.deny does not exist - Remove /etc/at.deny] ***
skipping: [localhost]

TASK [/stigforge/roles/al2023_cis : Ensure that /etc/cron.allow exists - Add empty /etc/cron.allow] ***
skipping: [localhost]

TASK [/stigforge/roles/al2023_cis : Ensure that /etc/cron.deny does not exist - Remove /etc/cron.deny] ***
skipping: [localhost]

TASK [/stigforge/roles/al2023_cis : Set the file_groupowner_at_allow_newgroup variable if represented by gid] ***
skipping: [localhost]

TASK [/stigforge/roles/al2023_cis : Test for existence /etc/at.allow] **********
skipping: [localhost]

TASK [/stigforge/roles/al2023_cis : Ensure group owner on /etc/at.allow] *******
skipping: [localhost]

TASK [/stigforge/roles/al2023_cis : Set the file_groupowner_cron_allow_newgroup variable if represented by gid] ***
skipping: [localhost]

TASK [/stigforge/roles/al2023_cis : Test for existence /etc/cron.allow] ********
skipping: [localhost]

TASK [/stigforge/roles/al2023_cis : Ensure group owner on /etc/cron.allow] *****
skipping: [localhost]

TASK [/stigforge/roles/al2023_cis : Set the file_owner_at_allow_newown variable if represented by uid] ***
skipping: [localhost]

TASK [/stigforge/roles/al2023_cis : Test for existence /etc/at.allow] **********
skipping: [localhost]

TASK [/stigforge/roles/al2023_cis : Ensure owner on /etc/at.allow] *************
skipping: [localhost]

TASK [/stigforge/roles/al2023_cis : Set the file_owner_cron_allow_newown variable if represented by uid] ***
skipping: [localhost]

TASK [/stigforge/roles/al2023_cis : Test for existence /etc/cron.allow] ********
skipping: [localhost]

TASK [/stigforge/roles/al2023_cis : Ensure owner on /etc/cron.allow] ***********
skipping: [localhost]

TASK [/stigforge/roles/al2023_cis : Test for existence /etc/at.allow] **********
skipping: [localhost]

TASK [/stigforge/roles/al2023_cis : Ensure permission u-xs,g-xws,o-xwrt on /etc/at.allow] ***
skipping: [localhost]

TASK [/stigforge/roles/al2023_cis : Test for existence /etc/cron.allow] ********
skipping: [localhost]

TASK [/stigforge/roles/al2023_cis : Ensure permission u-xs,g-xws,o-xwrt on /etc/cron.allow] ***
skipping: [localhost]

TASK [/stigforge/roles/al2023_cis : Check for duplicate values] ****************
skipping: [localhost]

TASK [/stigforge/roles/al2023_cis : Deduplicate values from /etc/postfix/main.cf] ***
skipping: [localhost]

TASK [/stigforge/roles/al2023_cis : Insert correct line to /etc/postfix/main.cf] ***
skipping: [localhost]

TASK [/stigforge/roles/al2023_cis : Check if chrony main config has active server/pool entries] ***
skipping: [localhost]

TASK [/stigforge/roles/al2023_cis : Extract sourcedir paths from chrony configuration] ***
skipping: [localhost]

TASK [/stigforge/roles/al2023_cis : Check for server/pool entries in sourcedir .sources files] ***
skipping: [localhost]

TASK [/stigforge/roles/al2023_cis : Extract confdir paths from chrony configuration] ***
skipping: [localhost]

TASK [/stigforge/roles/al2023_cis : Check for server/pool entries in confdir .conf files] ***
skipping: [localhost]

TASK [/stigforge/roles/al2023_cis : Create sourcedir directory if needed] ******
skipping: [localhost]

TASK [/stigforge/roles/al2023_cis : Add remote time servers to sourcedir .sources file] ***
skipping: [localhost] => (item=0.rhel.pool.ntp.org) 
skipping: [localhost] => (item=1.rhel.pool.ntp.org) 
skipping: [localhost] => (item=2.rhel.pool.ntp.org) 
skipping: [localhost] => (item=3.rhel.pool.ntp.org) 
skipping: [localhost]

TASK [/stigforge/roles/al2023_cis : Create confdir directory if needed] ********
skipping: [localhost]

TASK [/stigforge/roles/al2023_cis : Add remote time servers to confdir .conf file] ***
skipping: [localhost] => (item=0.rhel.pool.ntp.org) 
skipping: [localhost] => (item=1.rhel.pool.ntp.org) 
skipping: [localhost] => (item=2.rhel.pool.ntp.org) 
skipping: [localhost] => (item=3.rhel.pool.ntp.org) 
skipping: [localhost]

TASK [/stigforge/roles/al2023_cis : Add remote time servers to main chrony configuration] ***
skipping: [localhost] => (item=0.rhel.pool.ntp.org) 
skipping: [localhost] => (item=1.rhel.pool.ntp.org) 
skipping: [localhost] => (item=2.rhel.pool.ntp.org) 
skipping: [localhost] => (item=3.rhel.pool.ntp.org) 
skipping: [localhost]

TASK [/stigforge/roles/al2023_cis : Detect if file /etc/sysconfig/chronyd is not empty or missing] ***
skipping: [localhost]

TASK [/stigforge/roles/al2023_cis : Remove any previous configuration of user used to run chronyd process] ***
skipping: [localhost]

TASK [/stigforge/roles/al2023_cis : Correct existing line in /etc/sysconfig/chronyd to run chronyd as chrony user] ***
skipping: [localhost]

TASK [/stigforge/roles/al2023_cis : Insert correct line into /etc/sysconfig/chronyd ensuring chronyd runs as chrony user] ***
skipping: [localhost]

TASK [/stigforge/roles/al2023_cis : Detect .rhosts files in users home directories] ***
skipping: [localhost]

TASK [/stigforge/roles/al2023_cis : Remove .rhosts files] **********************
skipping: [localhost]

TASK [/stigforge/roles/al2023_cis : Remove /etc/hosts.equiv file] **************
skipping: [localhost]

TASK [/stigforge/roles/al2023_cis : Set the file_groupowner_sshd_config_newgroup variable if represented by gid] ***
skipping: [localhost]

TASK [/stigforge/roles/al2023_cis : Test for existence /etc/ssh/sshd_config] ***
skipping: [localhost]

TASK [/stigforge/roles/al2023_cis : Ensure group owner on /etc/ssh/sshd_config] ***
skipping: [localhost]

TASK [/stigforge/roles/al2023_cis : Check that the ssh_keys group is defined] ***
skipping: [localhost]

TASK [/stigforge/roles/al2023_cis : Set the file_groupownership_sshd_private_key_newgroup variable if ssh_keys found] ***
skipping: [localhost]

TASK [/stigforge/roles/al2023_cis : Find /etc/ssh/ file(s) matching ^.*_key$] ***
skipping: [localhost]

TASK [/stigforge/roles/al2023_cis : Ensure group owner on /etc/ssh/ file(s) matching ^.*_key$] ***
skipping: [localhost]

TASK [/stigforge/roles/al2023_cis : Set the file_groupownership_sshd_pub_key_newgroup variable if represented by gid] ***
skipping: [localhost]

TASK [/stigforge/roles/al2023_cis : Find /etc/ssh/ file(s) matching ^.*\.pub$] ***
skipping: [localhost]

TASK [/stigforge/roles/al2023_cis : Ensure group owner on /etc/ssh/ file(s) matching ^.*\.pub$] ***
skipping: [localhost]

TASK [/stigforge/roles/al2023_cis : Set the file_owner_sshd_config_newown variable if represented by uid] ***
skipping: [localhost]

TASK [/stigforge/roles/al2023_cis : Test for existence /etc/ssh/sshd_config] ***
skipping: [localhost]

TASK [/stigforge/roles/al2023_cis : Ensure owner on /etc/ssh/sshd_config] ******
skipping: [localhost]

TASK [/stigforge/roles/al2023_cis : Set the file_ownership_sshd_private_key_newown variable if represented by uid] ***
skipping: [localhost]

TASK [/stigforge/roles/al2023_cis : Find /etc/ssh/ file(s) matching ^.*_key$] ***
skipping: [localhost]

TASK [/stigforge/roles/al2023_cis : Ensure owner on /etc/ssh/ file(s) matching ^.*_key$] ***
skipping: [localhost]

TASK [/stigforge/roles/al2023_cis : Set the file_ownership_sshd_pub_key_newown variable if represented by uid] ***
skipping: [localhost]

TASK [/stigforge/roles/al2023_cis : Find /etc/ssh/ file(s) matching ^.*\.pub$] ***
skipping: [localhost]

TASK [/stigforge/roles/al2023_cis : Ensure owner on /etc/ssh/ file(s) matching ^.*\.pub$] ***
skipping: [localhost]

TASK [/stigforge/roles/al2023_cis : Test for existence /etc/ssh/sshd_config] ***
skipping: [localhost]

TASK [/stigforge/roles/al2023_cis : Ensure permission u-xs,g-xwrs,o-xwrt on /etc/ssh/sshd_config] ***
skipping: [localhost]

TASK [/stigforge/roles/al2023_cis : Find root:root-owned keys] *****************
skipping: [localhost]

TASK [/stigforge/roles/al2023_cis : Set permissions for root:root-owned keys] ***
skipping: [localhost]

TASK [/stigforge/roles/al2023_cis : Find root:ssh_keys-owned keys] *************
skipping: [localhost]

TASK [/stigforge/roles/al2023_cis : Set permissions for root:ssh_keys-owned keys] ***
skipping: [localhost]

TASK [/stigforge/roles/al2023_cis : Find /etc/ssh/ file(s)] ********************
skipping: [localhost]

TASK [/stigforge/roles/al2023_cis : Set permissions for /etc/ssh/ file(s)] *****
skipping: [localhost]

TASK [/stigforge/roles/al2023_cis : Set SSH Client Alive Count Max - Check if the parameter ClientAliveCountMax is configured in /etc/ssh/sshd_config] ***
skipping: [localhost]

TASK [/stigforge/roles/al2023_cis : Set SSH Client Alive Count Max - Check if the parameter ClientAliveCountMax is configured in /etc/ssh/sshd_config.d] ***
skipping: [localhost]

TASK [/stigforge/roles/al2023_cis : Set SSH Client Alive Count Max - Check if /etc/ssh/sshd_config exists] ***
skipping: [localhost]

TASK [/stigforge/roles/al2023_cis : Set SSH Client Alive Count Max - Check if the parameter ClientAliveCountMax is configured correctly in /etc/ssh/sshd_config] ***
skipping: [localhost]

TASK [/stigforge/roles/al2023_cis : Set SSH Client Alive Count Max - Check if the parameter ClientAliveCountMax is configured correctly in /etc/ssh/sshd_config.d] ***
skipping: [localhost]

TASK [/stigforge/roles/al2023_cis : Deduplicate values from /etc/ssh/sshd_config] ***
skipping: [localhost]

TASK [/stigforge/roles/al2023_cis : Check if /etc/ssh/sshd_config.d exists] ****
skipping: [localhost]

TASK [/stigforge/roles/al2023_cis : Check if the parameter ClientAliveCountMax is present in /etc/ssh/sshd_config.d] ***
skipping: [localhost]

TASK [/stigforge/roles/al2023_cis : Remove parameter from files in /etc/ssh/sshd_config.d] ***
skipping: [localhost]

TASK [/stigforge/roles/al2023_cis : Insert correct line to /etc/ssh/sshd_config.d/00-complianceascode-hardening.conf] ***
skipping: [localhost]

TASK [/stigforge/roles/al2023_cis : Set SSH Client Alive Count Max - set file mode for /etc/ssh/sshd_config.d/00-complianceascode-hardening.conf] ***
skipping: [localhost]

TASK [/stigforge/roles/al2023_cis : Set SSH Client Alive Interval - Check if the parameter ClientAliveInterval is configured in /etc/ssh/sshd_config] ***
skipping: [localhost]

TASK [/stigforge/roles/al2023_cis : Set SSH Client Alive Interval - Check if the parameter ClientAliveInterval is configured in /etc/ssh/sshd_config.d] ***
skipping: [localhost]

TASK [/stigforge/roles/al2023_cis : Set SSH Client Alive Interval - Check if /etc/ssh/sshd_config exists] ***
skipping: [localhost]

TASK [/stigforge/roles/al2023_cis : Set SSH Client Alive Interval - Check if the parameter ClientAliveInterval is configured correctly in /etc/ssh/sshd_config] ***
skipping: [localhost]

TASK [/stigforge/roles/al2023_cis : Set SSH Client Alive Interval - Check if the parameter ClientAliveInterval is configured correctly in /etc/ssh/sshd_config.d] ***
skipping: [localhost]

TASK [/stigforge/roles/al2023_cis : Deduplicate values from /etc/ssh/sshd_config] ***
skipping: [localhost]

TASK [/stigforge/roles/al2023_cis : Check if /etc/ssh/sshd_config.d exists] ****
skipping: [localhost]

TASK [/stigforge/roles/al2023_cis : Check if the parameter ClientAliveInterval is present in /etc/ssh/sshd_config.d] ***
skipping: [localhost]

TASK [/stigforge/roles/al2023_cis : Remove parameter from files in /etc/ssh/sshd_config.d] ***
skipping: [localhost]

TASK [/stigforge/roles/al2023_cis : Insert correct line to /etc/ssh/sshd_config.d/00-complianceascode-hardening.conf] ***
skipping: [localhost]

TASK [/stigforge/roles/al2023_cis : Set SSH Client Alive Interval - set file mode for /etc/ssh/sshd_config.d/00-complianceascode-hardening.conf] ***
skipping: [localhost]

TASK [/stigforge/roles/al2023_cis : Disable Host-Based Authentication - Check if the parameter HostbasedAuthentication is configured in /etc/ssh/sshd_config] ***
skipping: [localhost]

TASK [/stigforge/roles/al2023_cis : Disable Host-Based Authentication - Check if the parameter HostbasedAuthentication is configured in /etc/ssh/sshd_config.d] ***
skipping: [localhost]

TASK [/stigforge/roles/al2023_cis : Disable Host-Based Authentication - Check if /etc/ssh/sshd_config exists] ***
skipping: [localhost]

TASK [/stigforge/roles/al2023_cis : Disable Host-Based Authentication - Check if the parameter HostbasedAuthentication is configured correctly in /etc/ssh/sshd_config] ***
skipping: [localhost]

TASK [/stigforge/roles/al2023_cis : Disable Host-Based Authentication - Check if the parameter HostbasedAuthentication is configured correctly in /etc/ssh/sshd_config.d] ***
skipping: [localhost]

TASK [/stigforge/roles/al2023_cis : Deduplicate values from /etc/ssh/sshd_config] ***
skipping: [localhost]

TASK [/stigforge/roles/al2023_cis : Check if /etc/ssh/sshd_config.d exists] ****
skipping: [localhost]

TASK [/stigforge/roles/al2023_cis : Check if the parameter HostbasedAuthentication is present in /etc/ssh/sshd_config.d] ***
skipping: [localhost]

TASK [/stigforge/roles/al2023_cis : Remove parameter from files in /etc/ssh/sshd_config.d] ***
skipping: [localhost]

TASK [/stigforge/roles/al2023_cis : Insert correct line to /etc/ssh/sshd_config.d/01-complianceascode-reinforce-os-defaults.conf] ***
skipping: [localhost]

TASK [/stigforge/roles/al2023_cis : Disable Host-Based Authentication - set file mode for /etc/ssh/sshd_config.d/01-complianceascode-reinforce-os-defaults.conf] ***
skipping: [localhost]

TASK [/stigforge/roles/al2023_cis : Disable SSH Access via Empty Passwords - Check if the parameter PermitEmptyPasswords is configured in /etc/ssh/sshd_config] ***
skipping: [localhost]

TASK [/stigforge/roles/al2023_cis : Disable SSH Access via Empty Passwords - Check if the parameter PermitEmptyPasswords is configured in /etc/ssh/sshd_config.d] ***
skipping: [localhost]

TASK [/stigforge/roles/al2023_cis : Disable SSH Access via Empty Passwords - Check if /etc/ssh/sshd_config exists] ***
skipping: [localhost]

TASK [/stigforge/roles/al2023_cis : Disable SSH Access via Empty Passwords - Check if the parameter PermitEmptyPasswords is configured correctly in /etc/ssh/sshd_config] ***
skipping: [localhost]

TASK [/stigforge/roles/al2023_cis : Disable SSH Access via Empty Passwords - Check if the parameter PermitEmptyPasswords is configured correctly in /etc/ssh/sshd_config.d] ***
skipping: [localhost]

TASK [/stigforge/roles/al2023_cis : Deduplicate values from /etc/ssh/sshd_config] ***
skipping: [localhost]

TASK [/stigforge/roles/al2023_cis : Check if /etc/ssh/sshd_config.d exists] ****
skipping: [localhost]

TASK [/stigforge/roles/al2023_cis : Check if the parameter PermitEmptyPasswords is present in /etc/ssh/sshd_config.d] ***
skipping: [localhost]

TASK [/stigforge/roles/al2023_cis : Remove parameter from files in /etc/ssh/sshd_config.d] ***
skipping: [localhost]

TASK [/stigforge/roles/al2023_cis : Insert correct line to /etc/ssh/sshd_config.d/01-complianceascode-reinforce-os-defaults.conf] ***
skipping: [localhost]

TASK [/stigforge/roles/al2023_cis : Disable SSH Access via Empty Passwords - set file mode for /etc/ssh/sshd_config.d/01-complianceascode-reinforce-os-defaults.conf] ***
skipping: [localhost]

TASK [/stigforge/roles/al2023_cis : Disable SSH Support for .rhosts Files - Check if the parameter IgnoreRhosts is configured in /etc/ssh/sshd_config] ***
skipping: [localhost]

TASK [/stigforge/roles/al2023_cis : Disable SSH Support for .rhosts Files - Check if the parameter IgnoreRhosts is configured in /etc/ssh/sshd_config.d] ***
skipping: [localhost]

TASK [/stigforge/roles/al2023_cis : Disable SSH Support for .rhosts Files - Check if /etc/ssh/sshd_config exists] ***
skipping: [localhost]

TASK [/stigforge/roles/al2023_cis : Disable SSH Support for .rhosts Files - Check if the parameter IgnoreRhosts is configured correctly in /etc/ssh/sshd_config] ***
skipping: [localhost]

TASK [/stigforge/roles/al2023_cis : Disable SSH Support for .rhosts Files - Check if the parameter IgnoreRhosts is configured correctly in /etc/ssh/sshd_config.d] ***
skipping: [localhost]

TASK [/stigforge/roles/al2023_cis : Deduplicate values from /etc/ssh/sshd_config] ***
skipping: [localhost]

TASK [/stigforge/roles/al2023_cis : Check if /etc/ssh/sshd_config.d exists] ****
skipping: [localhost]

TASK [/stigforge/roles/al2023_cis : Check if the parameter IgnoreRhosts is present in /etc/ssh/sshd_config.d] ***
skipping: [localhost]

TASK [/stigforge/roles/al2023_cis : Remove parameter from files in /etc/ssh/sshd_config.d] ***
skipping: [localhost]

TASK [/stigforge/roles/al2023_cis : Insert correct line to /etc/ssh/sshd_config.d/01-complianceascode-reinforce-os-defaults.conf] ***
skipping: [localhost]

TASK [/stigforge/roles/al2023_cis : Disable SSH Support for .rhosts Files - set file mode for /etc/ssh/sshd_config.d/01-complianceascode-reinforce-os-defaults.conf] ***
skipping: [localhost]

TASK [/stigforge/roles/al2023_cis : Disable SSH Root Login - Check if the parameter PermitRootLogin is configured in /etc/ssh/sshd_config] ***
skipping: [localhost]

TASK [/stigforge/roles/al2023_cis : Disable SSH Root Login - Check if the parameter PermitRootLogin is configured in /etc/ssh/sshd_config.d] ***
skipping: [localhost]

TASK [/stigforge/roles/al2023_cis : Disable SSH Root Login - Check if /etc/ssh/sshd_config exists] ***
skipping: [localhost]

TASK [/stigforge/roles/al2023_cis : Disable SSH Root Login - Check if the parameter PermitRootLogin is configured correctly in /etc/ssh/sshd_config] ***
skipping: [localhost]

TASK [/stigforge/roles/al2023_cis : Disable SSH Root Login - Check if the parameter PermitRootLogin is configured correctly in /etc/ssh/sshd_config.d] ***
skipping: [localhost]

TASK [/stigforge/roles/al2023_cis : Deduplicate values from /etc/ssh/sshd_config] ***
skipping: [localhost]

TASK [/stigforge/roles/al2023_cis : Check if /etc/ssh/sshd_config.d exists] ****
skipping: [localhost]

TASK [/stigforge/roles/al2023_cis : Check if the parameter PermitRootLogin is present in /etc/ssh/sshd_config.d] ***
skipping: [localhost]

TASK [/stigforge/roles/al2023_cis : Remove parameter from files in /etc/ssh/sshd_config.d] ***
skipping: [localhost]

TASK [/stigforge/roles/al2023_cis : Insert correct line to /etc/ssh/sshd_config.d/00-complianceascode-hardening.conf] ***
skipping: [localhost]

TASK [/stigforge/roles/al2023_cis : Disable SSH Root Login - set file mode for /etc/ssh/sshd_config.d/00-complianceascode-hardening.conf] ***
skipping: [localhost]

TASK [/stigforge/roles/al2023_cis : Do Not Allow SSH Environment Options - Check if the parameter PermitUserEnvironment is configured in /etc/ssh/sshd_config] ***
skipping: [localhost]

TASK [/stigforge/roles/al2023_cis : Do Not Allow SSH Environment Options - Check if the parameter PermitUserEnvironment is configured in /etc/ssh/sshd_config.d] ***
skipping: [localhost]

TASK [/stigforge/roles/al2023_cis : Do Not Allow SSH Environment Options - Check if /etc/ssh/sshd_config exists] ***
skipping: [localhost]

TASK [/stigforge/roles/al2023_cis : Do Not Allow SSH Environment Options - Check if the parameter PermitUserEnvironment is configured correctly in /etc/ssh/sshd_config] ***
skipping: [localhost]

TASK [/stigforge/roles/al2023_cis : Do Not Allow SSH Environment Options - Check if the parameter PermitUserEnvironment is configured correctly in /etc/ssh/sshd_config.d] ***
skipping: [localhost]

TASK [/stigforge/roles/al2023_cis : Deduplicate values from /etc/ssh/sshd_config] ***
skipping: [localhost]

TASK [/stigforge/roles/al2023_cis : Check if /etc/ssh/sshd_config.d exists] ****
skipping: [localhost]

TASK [/stigforge/roles/al2023_cis : Check if the parameter PermitUserEnvironment is present in /etc/ssh/sshd_config.d] ***
skipping: [localhost]

TASK [/stigforge/roles/al2023_cis : Remove parameter from files in /etc/ssh/sshd_config.d] ***
skipping: [localhost]

TASK [/stigforge/roles/al2023_cis : Insert correct line to /etc/ssh/sshd_config.d/01-complianceascode-reinforce-os-defaults.conf] ***
skipping: [localhost]

TASK [/stigforge/roles/al2023_cis : Do Not Allow SSH Environment Options - set file mode for /etc/ssh/sshd_config.d/01-complianceascode-reinforce-os-defaults.conf] ***
skipping: [localhost]

TASK [/stigforge/roles/al2023_cis : Enable PAM - Check if the parameter UsePAM is configured in /etc/ssh/sshd_config] ***
skipping: [localhost]

TASK [/stigforge/roles/al2023_cis : Enable PAM - Check if the parameter UsePAM is configured in /etc/ssh/sshd_config.d] ***
skipping: [localhost]

TASK [/stigforge/roles/al2023_cis : Enable PAM - Check if /etc/ssh/sshd_config exists] ***
skipping: [localhost]

TASK [/stigforge/roles/al2023_cis : Enable PAM - Check if the parameter UsePAM is configured correctly in /etc/ssh/sshd_config] ***
skipping: [localhost]

TASK [/stigforge/roles/al2023_cis : Enable PAM - Check if the parameter UsePAM is configured correctly in /etc/ssh/sshd_config.d] ***
skipping: [localhost]

TASK [/stigforge/roles/al2023_cis : Deduplicate values from /etc/ssh/sshd_config] ***
skipping: [localhost]

TASK [/stigforge/roles/al2023_cis : Check if /etc/ssh/sshd_config.d exists] ****
skipping: [localhost]

TASK [/stigforge/roles/al2023_cis : Check if the parameter UsePAM is present in /etc/ssh/sshd_config.d] ***
skipping: [localhost]

TASK [/stigforge/roles/al2023_cis : Remove parameter from files in /etc/ssh/sshd_config.d] ***
skipping: [localhost]

TASK [/stigforge/roles/al2023_cis : Insert correct line to /etc/ssh/sshd_config.d/00-complianceascode-hardening.conf] ***
skipping: [localhost]

TASK [/stigforge/roles/al2023_cis : Enable PAM - set file mode for /etc/ssh/sshd_config.d/00-complianceascode-hardening.conf] ***
skipping: [localhost]

TASK [/stigforge/roles/al2023_cis : Enable SSH Warning Banner - Check if the parameter Banner is configured in /etc/ssh/sshd_config] ***
skipping: [localhost]

TASK [/stigforge/roles/al2023_cis : Enable SSH Warning Banner - Check if the parameter Banner is configured in /etc/ssh/sshd_config.d] ***
skipping: [localhost]

TASK [/stigforge/roles/al2023_cis : Enable SSH Warning Banner - Check if /etc/ssh/sshd_config exists] ***
skipping: [localhost]

TASK [/stigforge/roles/al2023_cis : Enable SSH Warning Banner - Check if the parameter Banner is configured correctly in /etc/ssh/sshd_config] ***
skipping: [localhost]

TASK [/stigforge/roles/al2023_cis : Enable SSH Warning Banner - Check if the parameter Banner is configured correctly in /etc/ssh/sshd_config.d] ***
skipping: [localhost]

TASK [/stigforge/roles/al2023_cis : Deduplicate values from /etc/ssh/sshd_config] ***
skipping: [localhost]

TASK [/stigforge/roles/al2023_cis : Check if /etc/ssh/sshd_config.d exists] ****
skipping: [localhost]

TASK [/stigforge/roles/al2023_cis : Check if the parameter Banner is present in /etc/ssh/sshd_config.d] ***
skipping: [localhost]

TASK [/stigforge/roles/al2023_cis : Remove parameter from files in /etc/ssh/sshd_config.d] ***
skipping: [localhost]

TASK [/stigforge/roles/al2023_cis : Insert correct line to /etc/ssh/sshd_config.d/00-complianceascode-hardening.conf] ***
skipping: [localhost]

TASK [/stigforge/roles/al2023_cis : Enable SSH Warning Banner - set file mode for /etc/ssh/sshd_config.d/00-complianceascode-hardening.conf] ***
skipping: [localhost]

TASK [/stigforge/roles/al2023_cis : Ensure SSH LoginGraceTime is configured - Check if the parameter LoginGraceTime is configured in /etc/ssh/sshd_config] ***
skipping: [localhost]

TASK [/stigforge/roles/al2023_cis : Ensure SSH LoginGraceTime is configured - Check if the parameter LoginGraceTime is configured in /etc/ssh/sshd_config.d] ***
skipping: [localhost]

TASK [/stigforge/roles/al2023_cis : Ensure SSH LoginGraceTime is configured - Check if /etc/ssh/sshd_config exists] ***
skipping: [localhost]

TASK [/stigforge/roles/al2023_cis : Ensure SSH LoginGraceTime is configured - Check if the parameter LoginGraceTime is configured correctly in /etc/ssh/sshd_config] ***
skipping: [localhost]

TASK [/stigforge/roles/al2023_cis : Ensure SSH LoginGraceTime is configured - Check if the parameter LoginGraceTime is configured correctly in /etc/ssh/sshd_config.d] ***
skipping: [localhost]

TASK [/stigforge/roles/al2023_cis : Deduplicate values from /etc/ssh/sshd_config] ***
skipping: [localhost]

TASK [/stigforge/roles/al2023_cis : Check if /etc/ssh/sshd_config.d exists] ****
skipping: [localhost]

TASK [/stigforge/roles/al2023_cis : Check if the parameter LoginGraceTime is present in /etc/ssh/sshd_config.d] ***
skipping: [localhost]

TASK [/stigforge/roles/al2023_cis : Remove parameter from files in /etc/ssh/sshd_config.d] ***
skipping: [localhost]

TASK [/stigforge/roles/al2023_cis : Insert correct line to /etc/ssh/sshd_config.d/00-complianceascode-hardening.conf] ***
skipping: [localhost]

TASK [/stigforge/roles/al2023_cis : Ensure SSH LoginGraceTime is configured - set file mode for /etc/ssh/sshd_config.d/00-complianceascode-hardening.conf] ***
skipping: [localhost]

TASK [/stigforge/roles/al2023_cis : Set SSH Daemon LogLevel to VERBOSE - Check if the parameter LogLevel is configured in /etc/ssh/sshd_config] ***
skipping: [localhost]

TASK [/stigforge/roles/al2023_cis : Set SSH Daemon LogLevel to VERBOSE - Check if the parameter LogLevel is configured in /etc/ssh/sshd_config.d] ***
skipping: [localhost]

TASK [/stigforge/roles/al2023_cis : Set SSH Daemon LogLevel to VERBOSE - Check if /etc/ssh/sshd_config exists] ***
skipping: [localhost]

TASK [/stigforge/roles/al2023_cis : Set SSH Daemon LogLevel to VERBOSE - Check if the parameter LogLevel is configured correctly in /etc/ssh/sshd_config] ***
skipping: [localhost]

TASK [/stigforge/roles/al2023_cis : Set SSH Daemon LogLevel to VERBOSE - Check if the parameter LogLevel is configured correctly in /etc/ssh/sshd_config.d] ***
skipping: [localhost]

TASK [/stigforge/roles/al2023_cis : Deduplicate values from /etc/ssh/sshd_config] ***
skipping: [localhost]

TASK [/stigforge/roles/al2023_cis : Check if /etc/ssh/sshd_config.d exists] ****
skipping: [localhost]

TASK [/stigforge/roles/al2023_cis : Check if the parameter LogLevel is present in /etc/ssh/sshd_config.d] ***
skipping: [localhost]

TASK [/stigforge/roles/al2023_cis : Remove parameter from files in /etc/ssh/sshd_config.d] ***
skipping: [localhost]

TASK [/stigforge/roles/al2023_cis : Insert correct line to /etc/ssh/sshd_config.d/00-complianceascode-hardening.conf] ***
skipping: [localhost]

TASK [/stigforge/roles/al2023_cis : Set SSH Daemon LogLevel to VERBOSE - set file mode for /etc/ssh/sshd_config.d/00-complianceascode-hardening.conf] ***
skipping: [localhost]

TASK [/stigforge/roles/al2023_cis : Set SSH authentication attempt limit - Check if the parameter MaxAuthTries is configured in /etc/ssh/sshd_config] ***
skipping: [localhost]

TASK [/stigforge/roles/al2023_cis : Set SSH authentication attempt limit - Check if the parameter MaxAuthTries is configured in /etc/ssh/sshd_config.d] ***
skipping: [localhost]

TASK [/stigforge/roles/al2023_cis : Set SSH authentication attempt limit - Check if /etc/ssh/sshd_config exists] ***
skipping: [localhost]

TASK [/stigforge/roles/al2023_cis : Set SSH authentication attempt limit - Check if the parameter MaxAuthTries is configured correctly in /etc/ssh/sshd_config] ***
skipping: [localhost]

TASK [/stigforge/roles/al2023_cis : Set SSH authentication attempt limit - Check if the parameter MaxAuthTries is configured correctly in /etc/ssh/sshd_config.d] ***
skipping: [localhost]

TASK [/stigforge/roles/al2023_cis : Deduplicate values from /etc/ssh/sshd_config] ***
skipping: [localhost]

TASK [/stigforge/roles/al2023_cis : Check if /etc/ssh/sshd_config.d exists] ****
skipping: [localhost]

TASK [/stigforge/roles/al2023_cis : Check if the parameter MaxAuthTries is present in /etc/ssh/sshd_config.d] ***
skipping: [localhost]

TASK [/stigforge/roles/al2023_cis : Remove parameter from files in /etc/ssh/sshd_config.d] ***
skipping: [localhost]

TASK [/stigforge/roles/al2023_cis : Insert correct line to /etc/ssh/sshd_config.d/00-complianceascode-hardening.conf] ***
skipping: [localhost]

TASK [/stigforge/roles/al2023_cis : Set SSH authentication attempt limit - set file mode for /etc/ssh/sshd_config.d/00-complianceascode-hardening.conf] ***
skipping: [localhost]

TASK [/stigforge/roles/al2023_cis : Set SSH MaxSessions limit - Check if the parameter MaxSessions is configured in /etc/ssh/sshd_config] ***
skipping: [localhost]

TASK [/stigforge/roles/al2023_cis : Set SSH MaxSessions limit - Check if the parameter MaxSessions is configured in /etc/ssh/sshd_config.d] ***
skipping: [localhost]

TASK [/stigforge/roles/al2023_cis : Set SSH MaxSessions limit - Check if /etc/ssh/sshd_config exists] ***
skipping: [localhost]

TASK [/stigforge/roles/al2023_cis : Set SSH MaxSessions limit - Check if the parameter MaxSessions is configured correctly in /etc/ssh/sshd_config] ***
skipping: [localhost]

TASK [/stigforge/roles/al2023_cis : Set SSH MaxSessions limit - Check if the parameter MaxSessions is configured correctly in /etc/ssh/sshd_config.d] ***
skipping: [localhost]

TASK [/stigforge/roles/al2023_cis : Deduplicate values from /etc/ssh/sshd_config] ***
skipping: [localhost]

TASK [/stigforge/roles/al2023_cis : Check if /etc/ssh/sshd_config.d exists] ****
skipping: [localhost]

TASK [/stigforge/roles/al2023_cis : Check if the parameter MaxSessions is present in /etc/ssh/sshd_config.d] ***
skipping: [localhost]

TASK [/stigforge/roles/al2023_cis : Remove parameter from files in /etc/ssh/sshd_config.d] ***
skipping: [localhost]

TASK [/stigforge/roles/al2023_cis : Insert correct line to /etc/ssh/sshd_config.d/00-complianceascode-hardening.conf] ***
skipping: [localhost]

TASK [/stigforge/roles/al2023_cis : Set SSH MaxSessions limit - set file mode for /etc/ssh/sshd_config.d/00-complianceascode-hardening.conf] ***
skipping: [localhost]

TASK [/stigforge/roles/al2023_cis : Ensure SSH MaxStartups is configured - Check if the parameter MaxStartups is configured in /etc/ssh/sshd_config] ***
skipping: [localhost]

TASK [/stigforge/roles/al2023_cis : Ensure SSH MaxStartups is configured - Check if the parameter MaxStartups is configured in /etc/ssh/sshd_config.d] ***
skipping: [localhost]

TASK [/stigforge/roles/al2023_cis : Ensure SSH MaxStartups is configured - Check if /etc/ssh/sshd_config exists] ***
skipping: [localhost]

TASK [/stigforge/roles/al2023_cis : Ensure SSH MaxStartups is configured - Check if the parameter MaxStartups is configured correctly in /etc/ssh/sshd_config] ***
skipping: [localhost]

TASK [/stigforge/roles/al2023_cis : Ensure SSH MaxStartups is configured - Check if the parameter MaxStartups is configured correctly in /etc/ssh/sshd_config.d] ***
skipping: [localhost]

TASK [/stigforge/roles/al2023_cis : Deduplicate values from /etc/ssh/sshd_config] ***
skipping: [localhost]

TASK [/stigforge/roles/al2023_cis : Check if /etc/ssh/sshd_config.d exists] ****
skipping: [localhost]

TASK [/stigforge/roles/al2023_cis : Check if the parameter MaxStartups is present in /etc/ssh/sshd_config.d] ***
skipping: [localhost]

TASK [/stigforge/roles/al2023_cis : Remove parameter from files in /etc/ssh/sshd_config.d] ***
skipping: [localhost]

TASK [/stigforge/roles/al2023_cis : Insert correct line to /etc/ssh/sshd_config.d/00-complianceascode-hardening.conf] ***
skipping: [localhost]

TASK [/stigforge/roles/al2023_cis : Ensure SSH MaxStartups is configured - set file mode for /etc/ssh/sshd_config.d/00-complianceascode-hardening.conf] ***
skipping: [localhost]

PLAY RECAP *********************************************************************
localhost                  : ok=140  changed=3    unreachable=0    failed=0    skipped=1074 rescued=1    ignored=0   

